Workbook

Sheet Sheet1
A1: Aircraft Company | B1: Aircraft name | C1: Passengers | D1: Max Takeoff Mass (kg) | E1: Operational Empty Mass (kg) | F1: Max Payload Range (km) | G1: Max Payload (kg) | H1: Take Off Distance (m) | I1: Landing Distance (m) | J1: wing surface area (m2) | K1: Taper Ratio | L1: 1/4 chord Sweep | M1: Aspect ratio | N1: Control surface area | O1: Thrust (kN) | P1: Cruise Mach number | Q1: Cruise Altitude for mach number(ft) | R1: Ceiling | S1: Max payload range | T1: T/W | U1: Source:
A2: Required | B2: Reference | C2: 150 | F2: 3700 | G2: TBD | H2: 2000 | I2: 1400 | J2: TBD | K2: TBD | L2: TBD | M2: TBD | N2: TBD | O2: TBD | P2: >0.6 | Q2: >12000 | T2: TBD
A3: Boeing | B3: 737-500 | C3: 145 | D3: 52390 | E3: 30960 | F3: 2518.72 | G3: 15530 | H3: 1832 | I3: 1362 | J3: 91 | K3: 0.24 | L3: 25 | M3: 9.17 | N3: ? | O3: 82.3 | P3: 0.737 | Q3: 26000 | R3: FL350 | U3: https://booksite.elsevier.com/9780340741528/appendices/data-a/table-2/table.htm
B4: 737-300 | C4: 149 | D4: 56470 | E4: 31869 | F4: 2922.456 | G4: 16030 | H4: 1939 | I4: 1396 | J4: 91.04 | K4: 0.24 | L4: 25.00 | M4: 9.17 | N4: ? | O4: 234 | P4: 0.74 | Q4: 26000 | U4: http://www.boeing.com/assets/pdf/commercial/airports/acaps/737.pdf, https://en.wikipedia.org/wiki/Boeing_737_Next_Generation#:~:text=Modifications%20to%20the%20737%2D800,174%2C100%20lb%20(79%2C000%20kg)., https://booksite.elsevier.com/9780340741528/appendices/data-a/default.htm, https://modernairliners.com/boeing-737/boeing-737-specifications/
B5: 737-8MAX | C5: 170 | D5: 82190 | E5: 45070 | F5: 6570 | G5: 20882 | H5: 2500 | I5: 1580 | J5: 127 | L5: 25.03 | M5: 10.159 | N5: ? | O5: 238-260 | P5: 0.785 | Q5: FL350 | R5: 410 | U5: https://www.boeing.com/resources/boeingdotcom/commercial/airports/acaps/737MAX_RevA.pdf, https://en.wikipedia.org/wiki/Boeing_737, https://booksite.elsevier.com/9780340741528/appendices/data-a/default.htm, https://modernairliners.com/boeing-737/boeing-737-specifications/
B6: 737-9MAX | C6: 180 | D6: 88314 | E6: 47490 | F6: 6570 | G6: 20240 | J6: 127 | L6: 25.03 | M6: 10.159 | N6: ? | O6: 238-260 | P6: 0.785 | Q6: FL350 | R6: 410 | U6: https://www.boeing.com/resources/boeingdotcom/commercial/airports/acaps/737MAX_RevA.pdf, https://en.wikipedia.org/wiki/Boeing_737, https://booksite.elsevier.com/9780340741528/appendices/data-a/default.htm, https://modernairliners.com/boeing-737/boeing-737-specifications/
B7: 737-700 | C7: 149 | D7: 69400 | E7: 37585 | F7: 5570 | G7: 11610 | H7: 2042 | I7: 1356 | J7: 124.6 | K7: 0.278 | L7: 25 | M7: 9.44 | N7: ? | O7: 89 | P7: 0.781 | Q7: 39000 | U7: https://booksite.elsevier.com/9780340741528/appendices/data-a/table-2/default.htm
A8: Airbus | B8: A319 | C8: 140 | D8: 64000 | E8: 39200 | F8: 2509.46 | G8: 11780 | H8: 1750 | I8: 1350 | J8: 122.4 | K8: 0.24 | L8: 25 | M8: 9.39 | N8: ? | O8: 98-120 | P8: 0.78 | R8: FL410 | U8: https://booksite.elsevier.com/9780340741528/appendices/data-a/table-1/table.htm | V8: https://www.airbus.com/aircraft/passenger-aircraft/a320-family/a320ceo.html
B9: A320 | C9: 155 | D9: 73500 | E9: 41310 | F9: 5639 | G9: 14250 | H9: 2180 | I9: 1440 | J9: 122.4 | K9: 0.24 | L9: 25 | M9: 9.39 | N9: ? | O9: 111-120 | P9: 0.78 | R9: FL410 | U9: https://booksite.elsevier.com/9780340741528/appendices/data-a/table-1/table.htm
B10: A320neo | C10: 194 | D10: 79000 | E10: 44300 | F10: 6300 | G10: 20000 | H10: 2090 | I10: 1400 | J10: 122.6 | K10: 0.24 | L10: 29 | M10: 9.39 | O10: 120.6 | P10: 0.82 | Q10: FL370 | R10: FL398 | U10: https://www.airbus.com/aircraft/passenger-aircraft/a320-family/a320neo.html, https://en.wikipedia.org/wiki/Airbus_A320neo_family#A320neo, https://modernairliners.com/airbus-a320-introduction/airbus-a320-specs/, https://booksite.elsevier.com/9780340741528/appendices/data-a/table-1/table.htm
B11: A220-300 | C11: 150 | D11: 69900 | E11: 37080 | F11: 3704 | G11: 18700 | H11: 1890 | I11: 1509 | J11: 112.3 | M11: 10.970703 | O11: 93.4-103.6 | P11: 0.78 | U11: https://www.airbus.com/aircraft/passenger-aircraft/a220-family/a220-300.html, https://en.wikipedia.org/wiki/Airbus_A220#cite_note-CS300APP-215
A12: Embraer | B12: E2-195 | C12: 146 | D12: 61500 | E12: 35700 | F12: 3500 | G12: 16150 | H12: 1,970 | I12: 1412 | J12: 103 | M12: =(35.13^2)/J12 -> 11.981717 | O12: 105.93 | P12: 0.78
A13: Sukhoi | B13: SSJ100 | C13: 103 | D13: 45880 | E13: 22425 | F13: 3048 | G13: 12245 | H13: 1731 | I13: 1630 | J13: 83.8 | O13: 137-143.2 | P13: 0.78 | R13: FL400 | U13: https://www.superjetinternational.com/wp-content/uploads/SSJ100_Datasheet.pdf
A14: DOUG | B14: DC 9-50 | C14: 139 | D14: 54420 | E14: 29300 | F14: 2520.6 | G14: 15265 | H14: 2362 | I14: 1439 | J14: 92.97 | K14: 0.206 | L14: 24 | M14: 8.72 | N14: ? | O14: 68.9 | P14: 0.75 | Q14: 27000 | R14: FL350 | U14: https://booksite.elsevier.com/9780340741528/appendices/data-a/table-5/table.htm
Q17: =AVERAGE(Q14,Q7,Q4,Q3,35000,35000,37000) -> 31000

Sheet DataBase
A1: NBR | B1: Aircraft Company | C1: Aircraft name | D1: Passengers | E1: Max Takeoff Mass (kg) | F1: Operational Empty Mass (kg) | G1: Max Payload Range (km) | H1: Design Range (km) | I1: Design Payload (kg) | J1: Take Off Distance (m) | K1: Landing Distance (m) | L1: Wing surface area (m2) | M1: Taper Ratio | N1: Sweep | O1: Aspect ratio | P1: Control surface area | Q1: Thrust (kN) | R1: Cruise Mach number | S1: Cruise Altitude for mach number(ft) | T1: Ceiling | U1: T/W | V1: Source:
A2: - | B2: Requirement | D2: 150 | E2: - | F2: - | G2: - | H2: 3700 | I2: =D2*H28 -> 15750 | J2: 2000 | K2: 1400 | L2: TBD | M2: TBD | N2: TBD | O2: TBD | P2: TBD | Q2: TBD | R2: >0.7 | S2: >12000 | U2: TBD
A3: 1 | B3: Embraer | C3: E2-195 | D3: 146 | E3: 61500 | F3: 35700 | H3: 3500 | I3: 16150 | J3: 1970 | K3: 1412 | L3: 103 | O3: =(35.13^2)/L3 -> 11.981717 | Q3: 105.93 | R3: 0.78
A4: 2 | B4: Airbus | C4: A319 | D4: 140 | E4: 64000 | F4: 39200 | G4: =CONVERT(1355,"Nmi","km") -> 2509.46 | H4: 3518 | I4: 11780 | J4: 1750 | K4: 1350 | L4: 122.4 | M4: 0.24 | N4: 25 | O4: 9.39 | P4: - | Q4: 110 | R4: 0.78 | T4: FL410 | V4: https://booksite.elsevier.com/9780340741528/appendices/data-a/table-1/table.htm
A5: 3 | B5: Airbus | C5: A320 | D5: 155 | E5: 73500 | F5: 41310 | G5: =CONVERT(2100,"Nmi","km") -> 3889.2 | H5: 5000 | I5: 14250 | J5: 2180 | K5: 1440 | L5: 122.4 | M5: 0.24 | N5: 25 | O5: 9.39 | P5: - | Q5: 120 | R5: 0.78 | T5: FL410 | V5: https://booksite.elsevier.com/9780340741528/appendices/data-a/table-1/table.htm
A6: 4 | B6: Airbus | C6: A220-300 | D6: 150 | E6: 69900 | F6: 37080 | G6: 3704 | H6: 6297 | I6: 18700 | J6: 1890 | K6: 1509 | L6: 112.3 | O6: 10.970703 | P6: - | Q6: 103.6 | R6: 0.78 | V6: https://www.airbus.com/aircraft/passenger-aircraft/a220-family/a220-300.htmlhttps://en.wikipedia.org/wiki/Airbus_A220#cite_note-CS300APP-215
A7: 5 | B7: McDonnell Douglas | C7: MD-81 | D7: 155 | E7: 63500 | F7: 35570 | G7: =CONVERT(1385,"Nmi","km") -> 2565.02 | H7: =CONVERT(1564,"Nmi","km") -> 2896.528 | I7: 17953 | J7: 2195 | K7: 1481 | L7: 112.3 | M7: 0.195 | N7: - | O7: 9.62 | P7: - | Q7: 85.6 | R7: 0.835 | S7: 27000 | V7: https://booksite.elsevier.com/9780340741528/appendices/data-a/table-5/table.htm
A8: 6 | B8: McDonnell Douglas | C8: MD-82 | D8: 155 | E8: 67812 | F8: 35630 | G8: =CONVERT(1860,"Nmi","km") -> 3444.72 | H8: =CONVERT(2050,"Nmi","km") -> 3796.6 | I8: 18802 | J8: 2274 | K8: 1500 | L8: 112.3 | M8: 0.195 | N8: - | O8: 9.62 | P8: - | Q8: 92.7 | R8: 0.835 | S8: 27000 | V8: https://booksite.elsevier.com/9780340741528/appendices/data-a/table-5/table.htm
A9: 7 | B9: McDonnell Douglas | C9: MD-83 | D9: 155 | E9: 72580 | F9: 36620 | G9: =CONVERT(2369,"Nmi","km") -> 4387.388 | H9: =CONVERT(2502,"Nmi","km") -> 4633.704 | I9: 18721 | J9: 2551 | K9: 1585 | L9: 112.3 | M9: 0.195 | N9: - | O9: 9.62 | P9: - | Q9: 96.5 | R9: 0.835 | S9: 27000 | V9: https://booksite.elsevier.com/9780340741528/appendices/data-a/table-5/table.htm
A10: 8 | B10: McDonnell Douglas | C10: MD-88 | D10: 155 | E10: 75580 | F10: 38740 | G10: 3800 | H10: 4600 | I10: 16600 | J10: 2400 | K10: 1585 | L10: 112 | M10: 0.2 | N10: - | O10: 9.62 | P10: - | Q10: 93.4 | R10: 0.708 | S10: 27000 | T10: FL370
A11: 9 | B11: McDonnell Douglas | C11: MD-90-30 | D11: 153 | E11: 70760 | F11: 39415 | G11: - | H11: =CONVERT(2275,"Nmi","km") -> 4213.3 | I11: 17350 | J11: 2135 | K11: 1564 | L11: 112.3 | M11: 0.195 | N11: - | O11: 9.62 | P11: - | Q11: 111.2 | R11: 0.809 | S11: 31000 | T11: - | U11: 0.32 | V11: https://booksite.elsevier.com/9780340741528/appendices/data-a/table-6/table.htm
A12: 10 | B12: McDonnell Douglas | C12: DC 9-50 | D12: 139 | E12: 54420 | F12: 29300 | G12: 2520.6 | H12: 2778 | I12: 15265 | J12: 2362 | K12: 1439 | L12: 92.97 | M12: 0.206 | O12: 8.72 | P12: - | Q12: 68.9 | R12: 0.75 | S12: 27000
A13: 11 | B13: Tupolev | C13: 204–300 | D13: 156 | E13: 107000 | F13: =57460 -> 57460 | G13: 5800 | H13: - | I13: 18000 | J13: 1870 | K13: - | L13: 184.2 | M13: - | N13: - | O13: - | P13: - | Q13: 158.2 | R13: - | S13: - | T13: FL39
A14: 12 | B14: Tupolev | C14: Tu-154M | D14: 154 | E14: 100000 | F14: 55300 | G14: =CONVERT(2019,"Nmi","km") -> 3739.188 | H14: =CONVERT(2805,"Nmi","km") -> 5194.86 | I14: 18000 | J14: 2100 | K14: 2060 | L14: 201.45 | M14: 0.267 | N14: - | O14: 7 | P14: - | Q14: 104 | R14: 0.875 | S14: 31000 | T14: FL350 | U14: 0.318 | V14: https://booksite.elsevier.com/9780340741528/appendices/data-a/table-7/table.htm
A15: 13 | B15: Boeing | C15: 737-700 | D15: 149 | E15: 69400 | F15: 37585 | G15: 5570 | H15: =CONVERT(3197,"Nmi","km") -> 5920.844 | I15: 11610 | J15: 2042 | K15: 1356 | L15: 124.6 | M15: 0.278 | N15: 25 | O15: 9.44 | P15: - | Q15: 117 | R15: 0.781 | S15: 39000 | T15: FL410
A16: 14 | B16: Boeing | C16: 737-300 | D16: 149 | E16: 56470 | F16: 31869 | G16: 2922.456 | H16: =CONVERT(2850,"Nmi","km") -> 5278.2 | I16: 16030 | J16: 1939 | K16: 1396 | L16: 91.04 | M16: 0.24 | N16: 25.00 | O16: 9.17 | P16: - | Q16: 100 | R16: 0.74 | S16: 26000 | T16: FL350
A17: 15 | B17: Boeing | C17: 737-500 | D17: 145 | E17: 52390 | F17: 30960 | G17: 2518.72 | H17: =CONVERT(1700,"Nmi","km") -> 3148.4 | I17: 15530 | J17: 1832 | K17: 1362 | L17: 91 | M17: 0.24 | N17: 25 | O17: 9.17 | P17: - | Q17: 100 | R17: 0.737 | S17: 26000 | T17: FL350
A18: 16 | B18: Airbus | C18: a319neo | D18: 150 | E18: 75500 | F18: 42600 | G18: 5000.4 | I18: 17700 | Q18: 107
B19: Average | D19: =AVERAGE(D3:D18) -> 150.375 | E19: =AVERAGE(E3:E18) -> 70894.5 | F19: =AVERAGE(F3:F18) -> 39021.188 | G19: =AVERAGE(G3:G18) -> 3910.8313 | H19: =AVERAGE(H3:H18) -> 4341.1026 | I19: =AVERAGE(I3:I18) -> 16402.562 | J19: =AVERAGE(J3:J18) -> 2108.5714 | K19: =AVERAGE(K3:K18) -> 1523.9167 | ... O19: =AVERAGE(O3:O18) -> 9.5509555 | Q19: =AVERAGE(Q3:Q18) -> 104.62687 | S19: =AVERAGE(S3:S18) -> 27666.667
B20: Design | E20: ='Class 1 Weight est.'!Q17 -> 80990.334 | F20: ='Class 1 Weight est.'!Q18 -> 63985.612 | H20: ='Class 1 Weight est.'!R26 -> 3700
E21: =(E20-E19)/E19*100 -> 14.240645 | F21: =(F20-F19)/F19*100 -> 63.976589 | G21: =(G20-G19)/G19*100 -> -100 | H21: =(H20-H19)/H19*100 -> -14.768197
G26: Name | H26: Value | I26: Unit | J26: Note
G27: per pax mass | H27: =CONVERT(205,"lbm","kg") -> 92.986436 | I27: kg | J27: Estimate Roskam
G28: per pax mass | H28: 105 | I28: kg | J28: Estimate EASA

Sheet V&V
B3: Class I weight estimation | K3: Wing
B4: ID | C4: Item | D4: Technique | E4: Justification | F4: Reference | G4: Result | H4: Confidence | K4: ID | L4: Item | M4: Technique | N4: Justification | O4: Reference | P4: Result | Q4: Confidence
B5: SST.C1W.1 | C5: MTOW | F5: CITE | G5: Pass | H5: High | L5: S
B6: SST.C1W.2 | C6: OEW | F6: CITE | G6: Pass | H6: High | L6: t/c
B7: SST.C1W.3 | C7: DFW | F7: CITE | G7: Pass | H7: High | L7: CL cruise
B12: T/W and W/S | K12: Propulsion
B13: ID | C13: Item | D13: Technique | E13: Justification | F13: Reference | G13: Result | H13: Confidence | K13: ID | L13: Item | M13: Technique | N13: Justification | O13: Reference | P13: Result | Q13: Confidence
B14: SST
B23: Fuselage | K23: Class II weight estimation
B24: ID | C24: Item | D24: Technique | E24: Justification | F24: Reference | G24: Result | H24: Confidence | K24: ID | L24: Item | M24: Technique | N24: Justification | O24: Reference | P24: Result | Q24: Confidence
B25: SST.FS.1 | C25: l_fuselage
B26: SST.FS.2 | C26: D_f_outer
B27: SST.FS.3 | C27: Vcc

Sheet Class 1 Weight est.
A1: Class I weight estimation | L1: Note | M1: #N/A means the specific aircraft does not meet the payload criteria
A2: NBR | B2: Aircraft | C2: Payload [N] | D2: MTOW [N] | E2: OEW [N] | F2: WL / WT | G2: Surface area [m2] | H2: Thrust [N] | I2: T/W | J2: W/S
A3: 1 | B3: =IF(ISNA(C3),DataBase!C3,DataBase!C3) -> E2-195 | C3: =IF(AND(DataBase!I3>=DataBase!$I$2*$N$6,DataBase!I3<=DataBase!$I$2*$M$6),DataBase!I3,NA()) *9.80665 -> 158377.4 | D3: =IF(ISNA(C3),NA(),DataBase!E3)*9.80665 -> 603108.97 | E3: =IF(ISNA(C3),NA(),DataBase!F3)*9.80665 -> 350097.4 | F3: =(E3+C3)/D3 -> 0.84308943 | G3: =IF(ISNA(C3),NA(),DataBase!L3) -> 103 | H3: =IF(ISNA(C3),NA(),DataBase!Q3)*1000 -> 105930 | I3: =2*(H3/D3) -> 0.3512798 | J3: =D3/G3 -> 5855.4269 | L3: Criteria
A4: 2 | B4: =IF(ISNA(C4),DataBase!C4,DataBase!C4) -> A319 | C4: =IF(AND(DataBase!I4>=DataBase!$I$2*$N$6,DataBase!I4<=DataBase!$I$2*$M$6),DataBase!I4,NA()) *9.80665 -> #N/A | D4: =IF(ISNA(C4),NA(),DataBase!E4)*9.80665 -> #N/A | E4: =IF(ISNA(C4),NA(),DataBase!F4)*9.80665 -> #N/A | F4: =(E4+C4)/D4 -> #N/A | G4: =IF(ISNA(C4),NA(),DataBase!L4) -> #N/A | H4: =IF(ISNA(C4),NA(),DataBase!Q4)*1000 -> #N/A | I4: =2*(H4/D4) -> #N/A | J4: =D4/G4 -> #N/A | L4: Name | M4: Value
A5: 3 | B5: =IF(ISNA(C5),DataBase!C5,DataBase!C5) -> A320 | C5: =IF(AND(DataBase!I5>=DataBase!$I$2*$N$6,DataBase!I5<=DataBase!$I$2*$M$6),DataBase!I5,NA()) *9.80665 -> 139744.76 | D5: =IF(ISNA(C5),NA(),DataBase!E5)*9.80665 -> 720788.77 | E5: =IF(ISNA(C5),NA(),DataBase!F5)*9.80665 -> 405112.71 | F5: =(E5+C5)/D5 -> 0.75591837 | G5: =IF(ISNA(C5),NA(),DataBase!L5) -> 122.4 | H5: =IF(ISNA(C5),NA(),DataBase!Q5)*1000 -> 120000 | I5: =2*(H5/D5) -> 0.33296856 | J5: =D5/G5 -> 5888.7972 | L5: Pax | M5: 150 | N5: - | P5: BWB numbers!!!! | AH5: Concept | AI5: MTOW [kg] | AJ5: OEW [kg] | AK5: Design Fuel Weight [kg]
A6: 4 | B6: =IF(ISNA(C6),DataBase!C6,DataBase!C6) -> A220-300 | C6: =IF(AND(DataBase!I6>=DataBase!$I$2*$N$6,DataBase!I6<=DataBase!$I$2*$M$6),DataBase!I6,NA()) *9.80665 -> 183384.35 | D6: =IF(ISNA(C6),NA(),DataBase!E6)*9.80665 -> 685484.83 | E6: =IF(ISNA(C6),NA(),DataBase!F6)*9.80665 -> 363630.58 | F6: =(E6+C6)/D6 -> 0.79799714 | G6: =IF(ISNA(C6),NA(),DataBase!L6) -> 112.3 | H6: =IF(ISNA(C6),NA(),DataBase!Q6)*1000 -> 103600 | I6: =2*(H6/D6) -> 0.30226781 | J6: =D6/G6 -> 6104.0502 | L6: Payload | M6: 1.2 | N6: 0.8 | AH6: CON | AI6: 66517 | AJ6: 36443 | AK6: 14324
A7: 5 | B7: =IF(ISNA(C7),DataBase!C7,DataBase!C7) -> MD-81 | C7: =IF(AND(DataBase!I7>=DataBase!$I$2*$N$6,DataBase!I7<=DataBase!$I$2*$M$6),DataBase!I7,NA()) *9.80665 -> 176058.79 | D7: =IF(ISNA(C7),NA(),DataBase!E7)*9.80665 -> 622722.27 | E7: =IF(ISNA(C7),NA(),DataBase!F7)*9.80665 -> 348822.54 | F7: =(E7+C7)/D7 -> 0.84288189 | G7: =IF(ISNA(C7),NA(),DataBase!L7) -> 112.3 | H7: =IF(ISNA(C7),NA(),DataBase!Q7)*1000 -> 85600 | I7: =2*(H7/D7) -> 0.27492191 | J7: =D7/G7 -> 5545.1672 | AH7: BOX | AI7: 72649 | AJ7: 47831 | AK7: 9068
A8: 6 | B8: =IF(ISNA(C8),DataBase!C8,DataBase!C8) -> MD-82 | C8: =IF(AND(DataBase!I8>=DataBase!$I$2*$N$6,DataBase!I8<=DataBase!$I$2*$M$6),DataBase!I8,NA()) *9.80665 -> 184384.63 | D8: =IF(ISNA(C8),NA(),DataBase!E8)*9.80665 -> 665008.55 | E8: =IF(ISNA(C8),NA(),DataBase!F8)*9.80665 -> 349410.94 | F8: =(E8+C8)/D8 -> 0.80268979 | G8: =IF(ISNA(C8),NA(),DataBase!L8) -> 112.3 | H8: =IF(ISNA(C8),NA(),DataBase!Q8)*1000 -> 92700 | I8: =2*(H8/D8) -> 0.27879341 | J8: =D8/G8 -> 5921.7146 | AH8: BWB | AI8: 49422 | AJ8: 27657 | AK8: 6015
A9: 7 | B9: =IF(ISNA(C9),DataBase!C9,DataBase!C9) -> MD-83 | C9: =IF(AND(DataBase!I9>=DataBase!$I$2*$N$6,DataBase!I9<=DataBase!$I$2*$M$6),DataBase!I9,NA()) *9.80665 -> 183590.29 | D9: =IF(ISNA(C9),NA(),DataBase!E9)*9.80665 -> 711766.66 | E9: =IF(ISNA(C9),NA(),DataBase!F9)*9.80665 -> 359119.52 | F9: =(E9+C9)/D9 -> 0.76248278 | G9: =IF(ISNA(C9),NA(),DataBase!L9) -> 112.3 | H9: =IF(ISNA(C9),NA(),DataBase!Q9)*1000 -> 96500 | I9: =2*(H9/D9) -> 0.27115628 | J9: =D9/G9 -> 6338.0824 | L9: Equation
A10: 8 | B10: =IF(ISNA(C10),DataBase!C10,DataBase!C10) -> MD-88 | C10: =IF(AND(DataBase!I10>=DataBase!$I$2*$N$6,DataBase!I10<=DataBase!$I$2*$M$6),DataBase!I10,NA()) *9.80665 -> 162790.39 | D10: =IF(ISNA(C10),NA(),DataBase!E10)*9.80665 -> 741186.61 | E10: =IF(ISNA(C10),NA(),DataBase!F10)*9.80665 -> 379909.62 | F10: =(E10+C10)/D10 -> 0.73220429 | G10: =IF(ISNA(C10),NA(),DataBase!L10) -> 112 | H10: =IF(ISNA(C10),NA(),DataBase!Q10)*1000 -> 93400 | I10: =2*(H10/D10) -> 0.2520283 | J10: =D10/G10 -> 6617.7376 | M10: a | N10: b
A11: 9 | B11: =IF(ISNA(C11),DataBase!C11,DataBase!C11) -> MD-90-30 | C11: =IF(AND(DataBase!I11>=DataBase!$I$2*$N$6,DataBase!I11<=DataBase!$I$2*$M$6),DataBase!I11,NA()) *9.80665 -> 170145.38 | D11: =IF(ISNA(C11),NA(),DataBase!E11)*9.80665 -> 693918.55 | E11: =IF(ISNA(C11),NA(),DataBase!F11)*9.80665 -> 386529.11 | F11: =(E11+C11)/D11 -> 0.80221877 | G11: =IF(ISNA(C11),NA(),DataBase!L11) -> 112.3 | H11: =IF(ISNA(C11),NA(),DataBase!Q11)*1000 -> 111200 | I11: =2*(H11/D11) -> 0.32049871 | J11: =D11/G11 -> 6179.1501 | L11: OEW | M11: {=SLOPE(IF(ISNUMBER(E3:E17),E3:E17),IF(ISNUMBER(D3:D17),D3:D17))} -> 0.51396471 | N11: {=INTERCEPT(IF(ISNUMBER(E3:E17),E3:E17),IF(ISNUMBER(D3:D17),D3:D17))} -> 22121.455
A12: 10 | B12: =IF(ISNA(C12),DataBase!C12,DataBase!C12) -> DC 9-50 | C12: =IF(AND(DataBase!I12>=DataBase!$I$2*$N$6,DataBase!I12<=DataBase!$I$2*$M$6),DataBase!I12,NA()) *9.80665 -> 149698.51 | D12: =IF(ISNA(C12),NA(),DataBase!E12)*9.80665 -> 533677.89 | E12: =IF(ISNA(C12),NA(),DataBase!F12)*9.80665 -> 287334.84 | F12: =(E12+C12)/D12 -> 0.81890849 | G12: =IF(ISNA(C12),NA(),DataBase!L12) -> 92.97 | H12: =IF(ISNA(C12),NA(),DataBase!Q12)*1000 -> 68900 | I12: =2*(H12/D12) -> 0.25820818 | J12: =D12/G12 -> 5740.3237 | L12: MTOW | M12: {=SLOPE(IF(ISNUMBER(D3:D17),D3:D17),IF(ISNUMBER(C3:C17),C3:C17))} -> 4.5879032 | N12: {=INTERCEPT(IF(ISNUMBER(D3:D17),D3:D17),IF(ISNUMBER(C3:C17),C3:C17))} -> -67986.463
A13: 11 | B13: =IF(ISNA(C13),DataBase!C13,DataBase!C13) -> 204–300 | C13: =IF(AND(DataBase!I13>=DataBase!$I$2*$N$6,DataBase!I13<=DataBase!$I$2*$M$6),DataBase!I13,NA()) *9.80665 -> 176519.7 | D13: =IF(ISNA(C13),NA(),DataBase!E13)*9.80665 -> 1049311.6 | E13: =IF(ISNA(C13),NA(),DataBase!F13)*9.80665 -> 563490.11 | F13: =(E13+C13)/D13 -> 0.70523364 | G13: =IF(ISNA(C13),NA(),DataBase!L13) -> 184.2 | H13: =IF(ISNA(C13),NA(),DataBase!Q13)*1000 -> 158200 | I13: =2*(H13/D13) -> 0.30153104 | J13: =D13/G13 -> 5696.5882
A14: 12 | B14: =IF(ISNA(C14),DataBase!C14,DataBase!C14) -> Tu-154M | C14: =IF(AND(DataBase!I14>=DataBase!$I$2*$N$6,DataBase!I14<=DataBase!$I$2*$M$6),DataBase!I14,NA()) *9.80665 -> 176519.7 | D14: =IF(ISNA(C14),NA(),DataBase!E14)*9.80665 -> 980665 | E14: =IF(ISNA(C14),NA(),DataBase!F14)*9.80665 -> 542307.74 | F14: =(E14+C14)/D14 -> 0.733 | G14: =IF(ISNA(C14),NA(),DataBase!L14) -> 201.45 | H14: =IF(ISNA(C14),NA(),DataBase!Q14)*1000 -> 104000 | I14: =2*(H14/D14) -> 0.21210097 | J14: =D14/G14 -> 4868.0318 | L14: Final values | P14: Final values
A15: 13 | B15: =IF(ISNA(C15),DataBase!C15,DataBase!C15) -> 737-700 | C15: =IF(AND(DataBase!I15>=DataBase!$I$2*$N$6,DataBase!I15<=DataBase!$I$2*$M$6),DataBase!I15,NA()) *9.80665 -> #N/A | D15: =IF(ISNA(C15),NA(),DataBase!E15)*9.80665 -> #N/A | E15: =IF(ISNA(C15),NA(),DataBase!F15)*9.80665 -> #N/A | F15: =(E15+C15)/D15 -> #N/A | G15: =IF(ISNA(C15),NA(),DataBase!L15) -> #N/A | H15: =IF(ISNA(C15),NA(),DataBase!Q15)*1000 -> #N/A | I15: =2*(H15/D15) -> #N/A | J15: =D15/G15 -> #N/A | L15: Name | M15: Value | N15: Unit | P15: Name | Q15: Value | R15: Unit
A16: 14 | B16: =IF(ISNA(C16),DataBase!C16,DataBase!C16) -> 737-300 | C16: =IF(AND(DataBase!I16>=DataBase!$I$2*$N$6,DataBase!I16<=DataBase!$I$2*$M$6),DataBase!I16,NA()) *9.80665 -> 157200.6 | D16: =IF(ISNA(C16),NA(),DataBase!E16)*9.80665 -> 553781.53 | E16: =IF(ISNA(C16),NA(),DataBase!F16)*9.80665 -> 312528.13 | F16: =(E16+C16)/D16 -> 0.84822029 | G16: =IF(ISNA(C16),NA(),DataBase!L16) -> 91.04 | H16: =IF(ISNA(C16),NA(),DataBase!Q16)*1000 -> 100000 | I16: =2*(H16/D16) -> 0.36115325 | J16: =D16/G16 -> 6082.8375 | L16: Design Payload Weight | M16: =DataBase!I2*9.80665 -> 154454.74 | N16: N | P16: Design Payload Weight | Q16: =M16/9.80665 -> 15750 | R16: kg
A17: 15 | B17: =IF(ISNA(C17),DataBase!C17,DataBase!C17) -> 737-500 | C17: =IF(AND(DataBase!I17>=DataBase!$I$2*$N$6,DataBase!I17<=DataBase!$I$2*$M$6),DataBase!I17,NA()) *9.80665 -> 152297.27 | D17: =IF(ISNA(C17),NA(),DataBase!E17)*9.80665 -> 513770.39 | E17: =IF(ISNA(C17),NA(),DataBase!F17)*9.80665 -> 303613.88 | F17: =(E17+C17)/D17 -> 0.88738309 | G17: =IF(ISNA(C17),NA(),DataBase!L17) -> 91 | H17: =IF(ISNA(C17),NA(),DataBase!Q17)*1000 -> 100000 | I17: =2*(H17/D17) -> 0.38927895 | J17: =D17/G17 -> 5645.8285 | L17: MTOW | M17: 794243.86 | N17: N | P17: MTOW | Q17: =M17/9.80665 -> 80990.334 | R17: kg
L18: OEW | M18: 627484.5 | N18: N | P18: OEW | Q18: =M18/9.80665 -> 63985.612 | R18: kg
L19: Design Fuel Weight | M19: 12304.618 | N19: N | P19: Design Fuel Weight | Q19: =M19/9.80665 -> 1254.7218 | R19: kg
B21: Weight fractions | H21: Preliminary aerodynamic data
B22: Name | C22: Sign | D22: Value | E22: Unit | F22: Note | H22: Name | I22: Sign | J22: Value | K22: Unit | L22: Note
A23: M1 | B23: Warm-up | C23: W1 / Wto | D23: 0.99 | E23: - | F23: Table | H23: Generic | P23: From DataBase
A24: M2 | B24: Taxi | C24: W2 / W1 | D24: 0.99 | E24: - | F24: Table | H24: CD0 | I24: CD0 | J24: =J27*J28 -> 0.009 | K24: - | L24: - | P24: Name | Q24: Sign | R24: Value | S24: Unit | T24: Note
A25: M3 | B25: Take-off | C25: W3 / W2 | D25: 0.995 | E25: - | F25: Table | H25: Aspect ratio | I25: A | J25: 7 | K25: - | L25: Assumed | P25: Design Payload Weight | Q25: Wpl design | R25: =DataBase!I2 -> 15750 | S25: kg | T25: Req. | AC25: Yes, I know, it doesn’t look right…
A26: M4 | B26: Climb 1 | C26: W4 / W3 | D26: 0.98 | E26: - | F26: Table | H26: Oswald eff. | I26: e | J26: 1 | K26: - | L26: Assumed | P26: Design Range | Q26: Rdesign | R26: =DataBase!H2 -> 3700 | S26: km | T26: Req.
A27: M5 | B27: Cruise 1 | C27: W5 / W4 | D27: =(EXP((DataBase!H2*'Class 1 Weight est.'!J34*1000*9.80665/'Class 1 Weight est.'!J35)/'Class 1 Weight est.'!J31))^-1 -> 0.95704302 | E27: - | F27: - | H27: Skin friction | I27: Cfe | J27: 0.003 | K27: - | L27: Assumed | AF27: max | AG27: mtow | AH27: =Q17 -> 80990.334 | AJ27: =AH27 -> 80990.334
A28: M6 | B28: Descent 1 | C28: W6 / W5 | D28: 0.99 | E28: - | F28: Table | H28: Wing area ratio | I28: Swet / S | J28: 3 | K28: - | L28: Assumed | AF28: max | AG28: fuel | AH28: =AH27-AH29 -> 62090.334 | AJ28: =AJ27-AJ29 -> 65240.334
A29: M7 | B29: Climb 2 | C29: W7 / W6 | D29: 1 | E29: - | F29: Not inlcuded | H29: Cruise | P29: Payload - Range diagram | AF29: max | AG29: pld | AH29: =Q16*1.2 -> 18900 | AJ29: =R25 -> 15750
A30: M8 | B30: Cruise 2 | C30: W8 / W7 | D30: 1 | E30: - | F30: Not included | H30: Design Range | I30: Rdesign | J30: =DataBase!H2 -> 3700 | K30: km | L30: Requirement | P30: Name | Q30: Sign | R30: Value | S30: Unit | T30: Note
A31: M9 | B31: Loiter | C31: W9 / W8 | D31: =(EXP(J39*9.80665*J43/J42))^-1 -> 0.99303287 | E31: - | F31: - | H31: Cruise L/D | I31: (L/D) cruise | J31: =J32/J33 -> 21.404414 | K31: - | L31: - | P31: Design Fuel Weight | Q31: WF,des | R31: =Q17-R25-Q18 -> 1254.7218 | S31: kg | T31: -
A32: M10 | B32: Descent 2 | C32: W10 / W9 | D32: 1 | E32: - | F32: Not included | H32: Cruise CL | I32: CL cruise | J32: =SQRT((J24*PI()*J25*J26)/(3)) -> 0.25685297 | K32: - | L32: - | P32: Max Payload Weight | Q32: Wpl,max | R32: =Q16*1.1 -> 17325 | S32: kg | T32: Random value
A33: M11 | B33: Land, taxi, shut-down | C33: Wfinal / W10 | D33: =0.992 -> 0.992 | E33: - | F33: - | H33: Cruise CD | I33: CD cruise | J33: =(4/3)*J24 -> 0.012 | K33: - | L33: - | Q33: W4, harmonic | R33: =Q17*PRODUCT(D23:D26) -> 77402.099 | S33: - | T33: -
B34: Fuel fraction | C34: Mff | D34: =PRODUCT(D23:D33) -> 0.8919931 | E34: - | F34: - | H34: Specific fuel consmp. | I34: cj cruise | J34: =6.1183*10^-6 -> 6.1183e-06 | K34: kg/N/s | L34: Assumed | Q34: W5, harmonic | R34: =(Q18+R32)/(PRODUCT(D28:D33)) -> 83375.172 | S34: - | T34: -
B35: Reserved fuel | C35: Mres | D35: 0.05 | E35: - | F35: Assumed | H35: Cruise speed | I35: Vcruise | J35: 236.22 | K35: m/s | L35: Nasa calculator | P35: Harmonic Range | Q35: Rharmonic | R35: =((J35)/(9.80665*J34))*J31*LN(R33/R34)*10^-3 -> -6264.287 | S35: km | T35: -
B36: Trapped fuel and oil | C36: Mtfo | D36: =0 -> 0 | E36: - | F36: Not used | H36: Cruise altitude | I36: hcruise | J36: =CONVERT(36000,"ft","m") -> 10972.8 | K36: m | L36: Estimate | P36: Max Fuel Weight | Q36: WF,max | R36: =Q19+Q16*0.7 -> 12279.722 | S36: kg | T36: Random value
H37: Cruise Mach | I37: Mcruise | J37: 0.8 | K37: - | L37: Estimate | Q37: W4, ferry | R37: =(Q18+R36+0)*PRODUCT(D23:D26) -> 72886.437 | S37: - | T37: -
B38: FactorStartCruise | D38: =PRODUCT(D23:D26) -> 0.95569551 | E38: =D38*$M$17 -> 759055.29 | F38: N | H38: Loiter | Q38: W5, ferry | R38: =(Q18+0)/(PRODUCT(D28:D33)) -> 65610.272 | S38: - | T38: -
B39: FactofEndCruise | D39: =PRODUCT(D23:D27) -> 0.91464171 | E39: =D39*$M$17 -> 726448.57 | F39: N | H39: Loiter time | I39: E | J39: 3600 | K39: sec | L39: Assumed | P39: Ferry Range | Q39: Rferry | R39: =((J35)/(9.80665*J34))*J31*LN(R37/R38)*10^-3 -> 8862.6112 | S39: km | T39: - | X39: Conventional | AA39: Box | AD39: BWB
D40: Cruise Weight | E40: =AVERAGE(E38:E39) -> 742751.93 | F40: N | H40: Loiter CL | I40: CL loiter | J40: =SQRT(PI()*J25*J26*J24) -> 0.44488239 | K40: - | L40: - | X40: Range [km] | Y40: Payload weight [kg] | AA40: Range [km] | AB40: Payload weight [kg] | AD40: Range [km] | AE40: Payload weight [kg]
H41: Loiter CD | I41: CD loiter | J41: =2*J24 -> 0.018 | K41: - | L41: - | X41: 0 | Y41: =R32 -> 17325 | AA41: 0 | AB41: ='[1]Class 1 Weight est.'!$R$32 -> 18900 | AD41: 0 | AE41: ='[2]Class 1 Weight est.'!$R$32 -> 16537.5
H42: Loiter L/D | I42: (L/D) loiter | J42: =J40/J41 -> 24.715688 | K42: - | L42: - | X42: =R35 -> -6264.287 | Y42: =R32 -> 17325 | AA42: ='[1]Class 1 Weight est.'!$R$35 -> 1401.59 | AB42: ='[1]Class 1 Weight est.'!$R$32 -> 18900 | AD42: ='[2]Class 1 Weight est.'!$R$35 -> 2879.9657 | AE42: ='[2]Class 1 Weight est.'!$R$32 -> 16537.5
H43: Specific fuel consmp. | I43: cj loiter | J43: =J34*0.8 -> 4.89464e-06 | K43: kg/N/s | L43: Assumed | X43: =R26 -> 3700 | Y43: =R25 -> 15750 | AA43: ='[1]Class 1 Weight est.'!$R$26 -> 3700 | AB43: ='[1]Class 1 Weight est.'!$R$25 -> 15750 | AD43: ='[2]Class 1 Weight est.'!$R$26 -> 3700 | AE43: ='[2]Class 1 Weight est.'!$R$25 -> 15750
P44: Final values | X44: =R39 -> 8862.6112 | Y44: 0 | AA44: ='[1]Class 1 Weight est.'!$R$39 -> 17317.827 | AB44: 0 | AD44: ='[2]Class 1 Weight est.'!$R$39 -> 29362.627 | AE44: =0 -> 0
P45: Name | Q45: Sign | R45: Value | S45: Unit | T45: Note
B46: Lift-Drag Polar | P46: Design
B47: Delta_CD0_T/O | C47: =0.02+0.025 -> 0.045 | D47: CD0_T/O | E47: =J24+C47 -> 0.054 | P47: Design Payload Weight | Q47: Wpl des | R47: =Q16 -> 15750 | S47: kg | T47: -
B48: Delta_e_T/O | C48: =0.05 -> 0.05 | D48: e_T/O | E48: =J26+C48 -> 1.05 | P48: MTOW | Q48: WMTO | R48: =Q17 -> 80990.334 | S48: kg | T48: -
B49: Delta_CD0_LDG | C49: =0.075+0.025 -> 0.1 | D49: CD0_LDG | E49: =J24+C49 -> 0.109 | P49: OEW | Q49: WOE | R49: =Q18 -> 63985.612 | S49: kg | T49: -
B50: Delta_e_LDG | C50: 0.1 | D50: e_LDG | E50: =J26+C50 -> 1.1 | P50: Design Fuel Weight | Q50: WF,des | R50: =Q19 -> 1254.7218 | S50: kg | T50: -
B51: C_L,clean | C51: C_L,T/O | D51: C_L,LDG | E51: C_D,clean | F51: C_D,T/O | G51: C_D,LDG | P51: Design Range | Q51: Rdes | R51: =R26 -> 3700 | S51: km | T51: -
B52: 0.1 | C52: 0.1 | D52: 0.1 | E52: =((B52^2)/(J$25*J$26*PI())) + $J$24 -> 0.0094547284 | F52: =((C52^2)/(J$25*E$48*PI()))+E$47 -> 0.054433075 | G52: =((D52^2)/(E$50*J$25*PI()))+E$49 -> 0.10941339 | P52: Harmonic
B53: =B52+0.1 -> 0.2 | C53: =C52+0.1 -> 0.2 | D53: =D52+0.1 -> 0.2 | E53: =((B53^2)/(J$25*J$26*PI())) + $J$24 -> 0.010818914 | F53: =((C53^2)/(J$25*E$48*PI()))+E$47 -> 0.055732299 | G53: =((D53^2)/(E$50*J$25*PI()))+E$49 -> 0.11065356 | P53: Max Payload Weight | Q53: Wpl,max | R53: =R32 -> 17325 | S53: kg | T53: -
B54: =0.3645 -> 0.3645 | C54: =C53+0.1 -> 0.3 | D54: =D53+0.1 -> 0.3 | E54: =((B54^2)/(J$25*J$26*PI())) + $J$24 -> 0.015041533 | F54: =((C54^2)/(J$25*E$48*PI()))+E$47 -> 0.057897672 | G54: =((D54^2)/(E$50*J$25*PI()))+E$49 -> 0.11272051 | P54: MTOW | Q54: WMTO | R54: =R48 -> 80990.334 | S54: kg | T54: -
B55: =B54+0.1 -> 0.4645 | C55: =C54+0.1 -> 0.4 | D55: =D54+0.1 -> 0.4 | E55: =((B55^2)/(J$25*J$26*PI())) + $J$24 -> 0.018811232 | F55: =((C55^2)/(J$25*E$48*PI()))+E$47 -> 0.060929195 | G55: =((D55^2)/(E$50*J$25*PI()))+E$49 -> 0.11561423 | P55: OEW | Q55: WOE | R55: =Q18 -> 63985.612 | S55: kg | T55: -
B56: =B55+0.1 -> 0.5645 | C56: =C55+0.1 -> 0.5 | D56: =D55+0.1 -> 0.5 | E56: =((B56^2)/(J$25*J$26*PI())) + $J$24 -> 0.023490387 | F56: =((C56^2)/(J$25*E$48*PI()))+E$47 -> 0.064826867 | G56: =((D56^2)/(E$50*J$25*PI()))+E$49 -> 0.11933474 | P56: Harmonic Fuel Weight | Q56: WF,harm | R56: =R54-R55-R53 -> -320.27819 | S56: kg | T56: -
B57: =B56+0.1 -> 0.6645 | C57: =C56+0.1 -> 0.6 | D57: =D56+0.1 -> 0.6 | E57: =((B57^2)/(J$25*J$26*PI())) + $J$24 -> 0.029078999 | F57: =((C57^2)/(J$25*E$48*PI()))+E$47 -> 0.069590688 | G57: =((D57^2)/(E$50*J$25*PI()))+E$49 -> 0.12388202 | P57: Harmonic Range | Q57: Rharm | R57: =R35 -> -6264.287 | S57: km | T57: -
B58: =B57+0.1 -> 0.7645 | C58: =C57+0.1 -> 0.7 | D58: =D57+0.1 -> 0.7 | E58: =((B58^2)/(J$25*J$26*PI())) + $J$24 -> 0.035577068 | F58: =((C58^2)/(J$25*E$48*PI()))+E$47 -> 0.075220659 | G58: =((D58^2)/(E$50*J$25*PI()))+E$49 -> 0.12925608 | P58: Ferry
B59: =B58+0.1 -> 0.8645 | C59: =C58+0.1 -> 0.8 | D59: =D58+0.1 -> 0.8 | E59: =((B59^2)/(J$25*J$26*PI())) + $J$24 -> 0.042984594 | F59: =((C59^2)/(J$25*E$48*PI()))+E$47 -> 0.081716779 | G59: =((D59^2)/(E$50*J$25*PI()))+E$49 -> 0.13545693 | P59: Ferry Payload Weight | Q59: Wpl, ferry | R59: 0 | S59: kg | T59: -
B60: =B59+0.1 -> 0.9645 | C60: =C59+0.1 -> 0.9 | D60: =D59+0.1 -> 0.9 | E60: =((B60^2)/(J$25*J$26*PI())) + $J$24 -> 0.051301576 | F60: =((C60^2)/(J$25*E$48*PI()))+E$47 -> 0.089079049 | G60: =((D60^2)/(E$50*J$25*PI()))+E$49 -> 0.14248455 | P60: MTOW | Q60: WMTO | R60: =R54 -> 80990.334 | S60: kg | T60: -
B61: =B60+0.1 -> 1.0645 | C61: =C60+0.1 -> 1 | D61: =D60+0.1 -> 1 | E61: =((B61^2)/(J$25*J$26*PI())) + $J$24 -> 0.060528016 | F61: =((C61^2)/(J$25*E$48*PI()))+E$47 -> 0.097307468 | G61: =((D61^2)/(E$50*J$25*PI()))+E$49 -> 0.15033895 | P61: OEW | Q61: WOE | R61: =R55 -> 63985.612 | S61: kg | T61: -
B62: =B61+0.1 -> 1.1645 | C62: =C61+0.1 -> 1.1 | D62: =D61+0.1 -> 1.1 | E62: =((B62^2)/(J$25*J$26*PI())) + $J$24 -> 0.070663912 | F62: =((C62^2)/(J$25*E$48*PI()))+E$47 -> 0.10640204 | G62: =((D62^2)/(E$50*J$25*PI()))+E$49 -> 0.15902012 | P62: Max Fuel Weight | Q62: WF, max | R62: =R36 -> 12279.722 | S62: kg | T62: -
B63: =B62+0.1 -> 1.2645 | C63: =C62+0.1 -> 1.2 | D63: =D62+0.1 -> 1.2 | E63: =((B63^2)/(J$25*J$26*PI())) + $J$24 -> 0.081709265 | F63: =((C63^2)/(J$25*E$48*PI()))+E$47 -> 0.11636275 | G63: =((D63^2)/(E$50*J$25*PI()))+E$49 -> 0.16852808 | P63: Ferry Range | Q63: Rferry | R63: =R39 -> 8862.6112 | S63: km | T63: -
B64: =B63+0.1 -> 1.3645 | C64: =C63+0.1 -> 1.3 | D64: =D63+0.1 -> 1.3 | E64: =((B64^2)/(J$25*J$26*PI())) + $J$24 -> 0.093664075 | F64: =((C64^2)/(J$25*E$48*PI()))+E$47 -> 0.12718962 | G64: =((D64^2)/(E$50*J$25*PI()))+E$49 -> 0.17886282
B65: =B64+0.1 -> 1.4645 | C65: =C64+0.1 -> 1.4 | D65: =D64+0.1 -> 1.4 | E65: =((B65^2)/(J$25*J$26*PI())) + $J$24 -> 0.10652834 | F65: =((C65^2)/(J$25*E$48*PI()))+E$47 -> 0.13888264 | G65: =((D65^2)/(E$50*J$25*PI()))+E$49 -> 0.19002433
B66: =B65+0.1 -> 1.5645 | C66: =C65+0.1 -> 1.5 | D66: =D65+0.1 -> 1.5 | E66: =((B66^2)/(J$25*J$26*PI())) + $J$24 -> 0.12030207 | F66: =((C66^2)/(J$25*E$48*PI()))+E$47 -> 0.1514418 | G66: =((D66^2)/(E$50*J$25*PI()))+E$49 -> 0.20201263
C67: =C66+0.1 -> 1.6 | D67: =D66+0.1 -> 1.6 | F67: =((C67^2)/(J$25*E$48*PI()))+E$47 -> 0.16486712 | G67: =((D67^2)/(E$50*J$25*PI()))+E$49 -> 0.2148277
C68: =C67+0.1 -> 1.7 | D68: =D67+0.1 -> 1.7 | F68: =((C68^2)/(J$25*E$48*PI()))+E$47 -> 0.17915858 | G68: =((D68^2)/(E$50*J$25*PI()))+E$49 -> 0.22846955
C69: =C68+0.1 -> 1.8 | D69: =D68+0.1 -> 1.8 | F69: =((C69^2)/(J$25*E$48*PI()))+E$47 -> 0.19431619 | G69: =((D69^2)/(E$50*J$25*PI()))+E$49 -> 0.24293819
C70: =C69+0.1 -> 1.9 | D70: =D69+0.1 -> 1.9 | F70: =((C70^2)/(J$25*E$48*PI()))+E$47 -> 0.21033996 | G70: =((D70^2)/(E$50*J$25*PI()))+E$49 -> 0.2582336
D71: =D70+0.1 -> 2 | G71: =((D71^2)/(E$50*J$25*PI()))+E$49 -> 0.27435579
D72: =D71+0.1 -> 2.1 | G72: =((D72^2)/(E$50*J$25*PI()))+E$49 -> 0.29130475
D73: =D72+0.1 -> 2.2 | G73: =((D73^2)/(E$50*J$25*PI()))+E$49 -> 0.3090805
D74: =D73+0.1 -> 2.3 | G74: =((D74^2)/(E$50*J$25*PI()))+E$49 -> 0.32768303

Sheet TW and WS
A1: ADSEE-I DATA (Transport Jet)
A2: CLmax Clean | C2: CLmax Take-off | E2: CLmax Land | Q2: Calculations
A3: Min | B3: Max | C3: Min | D3: Max | E3: Min | F3: Max | Q3: Name | R3: Sign | S3: Values | T3: Unit | U3: Notes
A4: 1.7349276 | B4: 1.7349276 | C4: 1.7349276 | D4: 1.7349276 | E4: 1.7349276 | F4: 1.7349276 | Q4: Landing Stall Speed | R4: Vs,land | S4: =SQRT(C18/0.5847) -> 48.932507 | T4: m/s | U4: CS25
I5: Oswald Efficiency | M5: CD0 | Q5: Stall Speed | R5: Vstall | S5: =C22/1.2 -> 68.431501 | T5: m/s | U5: Formula from the internet
A6: CLmax Clean | C6: Aspect Ratio | I6: Clean | J6: Take-off | K6: Landing | M6: Clean | N6: Take-off | O6: Landing | Q6: Take Off Speed | R6: VTO | S6: =1.1*S5 -> 75.274651 | T6: m/s | U6: Raymer's method
A7: 1.7349276 | C7: 9.1323969 | I7: 0.7 | J7: =I7 -> 0.7 | K7: =I7 -> 0.7 | M7: 0.00692428 | N7: 0.00692428 | O7: 0.00692428 | Q7: Take Off CL | R7: CLTO | T7: - | U7: Raymer's method
A8: 62 | J8: We consider climb as well | N8: We consider climb as well | Q8: Wing loading in Take-Off | R8: (W/S) TO | S8: =(E7*B32*S4^2)/(2*(('Class 1 Weight est.'!Q18+'Class 1 Weight est.'!Q16)/('Class 1 Weight est.'!Q17))) -> 0 | T8: N/m2 | U8: CS / JAR / FAR 25
Q9: Stall Wing Loading | R9: W/S | S9: =0.5*B32*S5^2*A7 -> 4976.22 | T9: N/m2 | U9: General
Q10: Thrust to Weight Ratio | R10: TTO/W | T10: - | U10: ADSEE-I
Q11: Stall Wing Loading - Landing | R11: W/S landing | T11: N/m2 | U11: General
A12: Design Aircraft Data | H12: TOP | I12: =(CONVERT(C17,"m","ft")/37.5)*4.88242764*9.80665 -> 8377.9981 | J12: Raymer
A13: Name | C13: Data | D13: Unit | E13: SI
A14: Payloadmax | C14: ='Class 1 Weight est.'!Q16 -> 15750 | D14: kg | E14: =C14*B29 -> 154454.74 | F14: N | H14: Final values
A15: Cruise Mach number | C15: ='Class 1 Weight est.'!J37 -> 0.8 | D15: - | E15: =C15 -> 0.8 | F15: - | H15: Sign / Name | I15: Value | J15: Unit
A16: Cruise altitude | C16: =CONVERT('Class 1 Weight est.'!J36,"m","ft") -> 36000 | D16: ft | E16: =CONVERT(C16,"ft","m") -> 10972.8 | F16: m | H16: T/W | I16: 0.215 | J16: - | L16: C values | S16: W/S values
A17: Take-off distance sTO | C17: =DataBase!J2 -> 2000 | D17: m | E17: =C17 -> 2000 | F17: m | H17: W/S | I17: 2250 | J17: N/m2 | L17: Name | M17: Sign | N17: Value | O17: Unit | P17: Notes | S17: Name | T17: Sign | U17: Value | V17: Unit | W17: Notes
A18: Landing distance sland | C18: =DataBase!K2 -> 1400 | D18: m | E18: =C18 -> 1400 | F18: m | H18: Wing surface | I18: =I17^-1*'Class 1 Weight est.'!M17 -> 352.99727 | J18: m2 | L18: CL max in landing | M18: CLmax land | N18: =(I17*2*(('Class 1 Weight est.'!M18+'Class 1 Weight est.'!M16)/('Class 1 Weight est.'!M17)))/(B32*S4^2) -> 1.5104301 | O18: - | P18: Graph | S18: Wing loading start of cruise | T18: W/S start cruise | U18: =PRODUCT('Class 1 Weight est.'!D23:D26)*'Class 1 Weight est.'!M17/'Wing Design'!E8 -> 2150.3149 | V18: N/m2 | W18: -
A19: Landing Field Length sLFL | C19: =C18*(1/0.6) -> 2333.3333 | D19: m | E19: =C19 -> 2333.3333 | F19: m | H19: Thrust | I19: =I16*'Class 1 Weight est.'!M17 -> 170762.43 | J19: N | L19: CL max in TO | M19: CLmax TO | N19: =((I16*(I12/I17))^-1)*1.1^2 -> 1.5114339 | O19: - | P19: Graph | S19: Wing loading end of cruise | T19: W/S end cruise | U19: =PRODUCT('Class 1 Weight est.'!D23:D27)*'Class 1 Weight est.'!M17/'Wing Design'!E8 -> 2057.9439 | V19: N/m2 | W19: -
A20: Design Mission Range | C20: ='Class 1 Weight est.'!J30 -> 3700 | D20: km | E20: =C20*1000 -> 3700000 | F20: m | L20: CL max in clean | M20: CLmax clean | N20: =A7 -> 1.7349276 | O20: - | P20: Graph
A21: with Payload | C21: ='Class 1 Weight est.'!Q16 -> 15750 | D21: kg | E21: =C21*B29 -> 154454.74 | F21: N
A22: Approach Speed VAPP | C22: =1.7*SQRT(C19) -> 82.117802 | D22: m/s | E22: =C22 -> 82.117802 | F22: m/s
A23: Ferry Range | C23: ='Class 1 Weight est.'!R39 -> 8862.6112 | D23: km | E23: =C23*1000 -> 8862611.2 | F23: m
A25: Constants | D25: Data @ Cruise | I25: Stall for Landing | O25: Take-off
A26: Pressure @ Sea Level | B26: 101325 | C26: Pa | D26: Pressure | E26: =E27*E29*B31 -> 22730.294 | F26: Pa | I26: W/S | J26: =(J28*$B$32*$S$4^2)/(2*(('Class 1 Weight est.'!$Q$18+'Class 1 Weight est.'!$Q$16)/('Class 1 Weight est.'!$Q$17))) -> 2584.4209 | K26: =(K28*$B$32*$S$4^2)/(2*(('Class 1 Weight est.'!$Q$18+'Class 1 Weight est.'!$Q$16)/('Class 1 Weight est.'!$Q$17))) -> 2584.4209 | L26: =(L28*$B$32*$S$4^2)/(2*(('Class 1 Weight est.'!$Q$18+'Class 1 Weight est.'!$Q$16)/('Class 1 Weight est.'!$Q$17))) -> 2584.4209 | O26: CLmax Take-off
A27: a (gradient) | B27: =-6.5/1000 -> -0.0065 | C27: K/m | D27: Temp | E27: =B28+B27*E16 -> 216.8268 | F27: K | J27: CLmax Land | O27: =C4 -> 1.7349276 | Q27: =AVERAGE(C4:D4) -> 1.7349276 | S27: =D4 -> 1.7349276 | W27: Cruise | AC27: Climb rate | AN27: Climb gradient | AX27: Manouvering
A28: Temp sea level | B28: 288.15 | C28: K | D28: g | E28: 9.80665 | F28: m/s2 | I28: TO | J28: =F4 -> 1.7349276 | K28: =AVERAGE(E4:F4) -> 1.7349276 | L28: =E4 -> 1.7349276 | O28: =$O$25&" "&O27 -> Take-off 1.73492756 | Q28: =$O$25&" "&Q27 -> Take-off 1.73492756 | S28: =$O$25&" "&S27 -> Take-off 1.73492756 | X28: =C7 -> 9.1323969 | Y28: =X28+3 -> 12.132397 | Z28: =Y28+3 -> 15.132397 | AD28: =C7 -> 9.1323969 | AF28: =AD28+3 -> 12.132397 | AH28: =AF28+3 -> 15.132397 | AJ28: c | AO28: =C7 -> 9.1323969 | AQ28: =AO28+3 -> 12.132397 | AS28: =AQ28+3 -> 15.132397 | AY28: =C7 -> 9.1323969 | BA28: =AY28+3 -> 12.132397 | BC28: =BA28+3 -> 15.132397
A29: g0 | B29: 9.80665 | C29: m/s2 | D29: Density (ρ) cruise | E29: =(B32*(E27/B28)^((-B29/(B27*B31))-1)) -> 0.36519299 | F29: kg/m3 | I29: 1.6 | J29: =(($I$12/$J$26)*$I29*1)^-1 -> 0.19279821 | K29: =(($I$12/$K$26)*$I29*1)^-1 -> 0.19279821 | L29: =(($I$12/$L$26)*$I29*1)^-1 -> 0.19279821 | O29: W/S | P29: T/W | Q29: W/S | R29: T/W | S29: W/S | T29: T/W | X29: =$W$27&" "&X28 -> Cruise 9.13239686 | Y29: =$W$27&" "&Y28 -> Cruise 12.13239686 | Z29: =$W$27&" "&Z28 -> Cruise 15.13239686 | AC29: CL | AD29: =SQRT(3*$N$7*PI()*AD28*$J$7) -> 0.64589851 | AF29: =SQRT(3*$N$7*PI()*AF28*$J$7) -> 0.74446657 | AH29: =SQRT(3*$N$7*PI()*AH28*$J$7) -> 0.83143012 | AJ29: =12.7 -> 12.7 | AK29: A320
A30: Radius of Earth | B30: 6378.136 | C30: km | D30: Speed of Sound | E30: =SQRT(1.4*E27*B31) -> 295.1925 | F30: m/s | I30: This 1.6 TO value is just a placeholder. | O30: 100 | P30: =(($I$12/O30)*($O$27/1.1^2)*1)^-1 -> 0.0083246075 | Q30: 100 | R30: =(($I$12/Q30)*($Q$27/1.1^2)*1)^-1 -> 0.0083246075 | S30: 100 | T30: =(($I$12/S30)*($S$27/1.1^2)*1)^-1 -> 0.0083246075 | W30: 100 | X30: =((($M$7*0.5*$E$29*$E$31^2)/($E$32*W30))+($E$32*W30)*(1/(PI()*$X$28*$I$7*0.5*$E$29*$E$31^2)))*($B$32/$E$29)^(3/4)*($E$32/$E$33) -> 3.4977136 | Y30: =((($M$7*0.5*$E$29*$E$31^2)/(W30*$E$32))+(W30*$E$32)*(1/(PI()*$Y$28*$I$7*0.5*$E$29*$E$31^2)))*($B$32/$E$29)^(3/4)*($E$32/$E$33) -> 3.4971436 | Z30: =((($M$7*0.5*$E$29*$E$31^2)/(W30*$E$32))+(W30*$E$32)*(1/(PI()*$Z$28*$I$7*0.5*$E$29*$E$31^2)))*($B$32/$E$29)^(3/4)*($E$32/$E$33) -> 3.4967996 | AC30: CD | AD30: =4*$N$7 -> 0.02769712 | AF30: =4*$N$7 -> 0.02769712 | AH30: =4*$N$7 -> 0.02769712 | AN30: c/V | AO30: =ATAN(AR30/100) -> 0.023995394 | AQ30: Gradient [%] | AR30: 2.4 | AS30: CS25 | AX30: Max load factor | AY30: 2.5
A31: R | B31: 287.058 | C31: - | D31: Cruise Velocity | E31: =E30*C15 -> 236.154 | F31: m/s | O31: 200 | P31: =(($I$12/O31)*($O$27/1.1^2)*1)^-1 -> 0.016649215 | Q31: 200 | R31: =(($I$12/Q31)*($Q$27/1.1^2)*1)^-1 -> 0.016649215 | S31: 200 | T31: =(($I$12/S31)*($S$27/1.1^2)*1)^-1 -> 0.016649215 | W31: 200 | X31: =((($M$7*0.5*$E$29*$E$31^2)/($E$32*W31))+($E$32*W31)*(1/(PI()*$X$28*$I$7*0.5*$E$29*$E$31^2)))*($B$32/$E$29)^(3/4)*($E$32/$E$33) -> 1.7523146 | Y31: =((($M$7*0.5*$E$29*$E$31^2)/(W31*$E$32))+(W31*$E$32)*(1/(PI()*$Y$28*$I$7*0.5*$E$29*$E$31^2)))*($B$32/$E$29)^(3/4)*($E$32/$E$33) -> 1.7511746 | Z31: =((($M$7*0.5*$E$29*$E$31^2)/(W31*$E$32))+(W31*$E$32)*(1/(PI()*$Z$28*$I$7*0.5*$E$29*$E$31^2)))*($B$32/$E$29)^(3/4)*($E$32/$E$33) -> 1.7504866 | AD31: =$AC$27&" "&AD28 -> Climb rate 9.13239686 | AF31: =$AC$27&" "&AF28 -> Climb rate 12.13239686 | AH31: =$AC$27&" "&AH28 -> Climb rate 15.13239686 | AQ31: Gradient [deg] | AR31: =AR30*0.5718 -> 1.37232
A32: Density @ Sea Level ρ0 | B32: 1.225 | C32: kg/m3 | D32: Weight fraction | E32: =(PRODUCT('Class 1 Weight est.'!D23:D25)*'Class 1 Weight est.'!M17)/('Class 1 Weight est.'!M17) -> 0.9751995 | F32: - | I32: Name | J32: =$I$25&" "&J28 -> Stall for Landing 1.73492756 | K32: =$I$25&" "&K28 -> Stall for Landing 1.73492756 | L32: =$I$25&" "&L28 -> Stall for Landing 1.73492756 | O32: 300 | P32: =(($I$12/O32)*($O$27/1.1^2)*1)^-1 -> 0.024973823 | Q32: 300 | R32: =(($I$12/Q32)*($Q$27/1.1^2)*1)^-1 -> 0.024973823 | S32: 300 | T32: =(($I$12/S32)*($S$27/1.1^2)*1)^-1 -> 0.024973823 | W32: 300 | X32: =((($M$7*0.5*$E$29*$E$31^2)/($E$32*W32))+($E$32*W32)*(1/(PI()*$X$28*$I$7*0.5*$E$29*$E$31^2)))*($B$32/$E$29)^(3/4)*($E$32/$E$33) -> 1.1720518 | Y32: =((($M$7*0.5*$E$29*$E$31^2)/(W32*$E$32))+(W32*$E$32)*(1/(PI()*$Y$28*$I$7*0.5*$E$29*$E$31^2)))*($B$32/$E$29)^(3/4)*($E$32/$E$33) -> 1.1703417 | Z32: =((($M$7*0.5*$E$29*$E$31^2)/(W32*$E$32))+(W32*$E$32)*(1/(PI()*$Z$28*$I$7*0.5*$E$29*$E$31^2)))*($B$32/$E$29)^(3/4)*($E$32/$E$33) -> 1.1693097 | AO32: =$AN$27&" "&AO28 -> Climb gradient 9.13239686 | AQ32: =$AN$27&" "&AQ28 -> Climb gradient 12.13239686 | AS32: =$AN$27&" "&AS28 -> Climb gradient 15.13239686 | AY32: =$AX$27&" "&AY28 -> Manouvering 9.13239686 | BA32: =$AX$27&" "&BA28 -> Manouvering 12.13239686 | BC32: =$AX$27&" "&BC28 -> Manouvering 15.13239686
D33: Thrust setting | E33: 0.5 | F33: - | O33: 400 | P33: =(($I$12/O33)*($O$27/1.1^2)*1)^-1 -> 0.03329843 | Q33: 400 | R33: =(($I$12/Q33)*($Q$27/1.1^2)*1)^-1 -> 0.03329843 | S33: 400 | T33: =(($I$12/S33)*($S$27/1.1^2)*1)^-1 -> 0.03329843 | W33: 400 | X33: =((($M$7*0.5*$E$29*$E$31^2)/($E$32*W33))+($E$32*W33)*(1/(PI()*$X$28*$I$7*0.5*$E$29*$E$31^2)))*($B$32/$E$29)^(3/4)*($E$32/$E$33) -> 0.88307295 | Y33: =((($M$7*0.5*$E$29*$E$31^2)/(W33*$E$32))+(W33*$E$32)*(1/(PI()*$Y$28*$I$7*0.5*$E$29*$E$31^2)))*($B$32/$E$29)^(3/4)*($E$32/$E$33) -> 0.88079289 | Z33: =((($M$7*0.5*$E$29*$E$31^2)/(W33*$E$32))+(W33*$E$32)*(1/(PI()*$Z$28*$I$7*0.5*$E$29*$E$31^2)))*($B$32/$E$29)^(3/4)*($E$32/$E$33) -> 0.87941687 | AD33: T/W | AE33: W/S | AF33: T/W | AG33: W/S | AH33: T/W | AI33: W/S | AO33: T/W | AP33: W/S | AQ33: T/W | AR33: W/S | AS33: T/W | AT33: W/S | AY33: T/W | AZ33: W/S | BA33: T/W | BB33: W/S | BC33: T/W | BD33: W/S
O34: 500 | P34: =(($I$12/O34)*($O$27/1.1^2)*1)^-1 -> 0.041623038 | Q34: 500 | R34: =(($I$12/Q34)*($Q$27/1.1^2)*1)^-1 -> 0.041623038 | S34: 500 | T34: =(($I$12/S34)*($S$27/1.1^2)*1)^-1 -> 0.041623038 | W34: 500 | X34: =((($M$7*0.5*$E$29*$E$31^2)/($E$32*W34))+($E$32*W34)*(1/(PI()*$X$28*$I$7*0.5*$E$29*$E$31^2)))*($B$32/$E$29)^(3/4)*($E$32/$E$33) -> 0.71060775 | Y34: =((($M$7*0.5*$E$29*$E$31^2)/(W34*$E$32))+(W34*$E$32)*(1/(PI()*$Y$28*$I$7*0.5*$E$29*$E$31^2)))*($B$32/$E$29)^(3/4)*($E$32/$E$33) -> 0.70775767 | Z34: =((($M$7*0.5*$E$29*$E$31^2)/(W34*$E$32))+(W34*$E$32)*(1/(PI()*$Z$28*$I$7*0.5*$E$29*$E$31^2)))*($B$32/$E$29)^(3/4)*($E$32/$E$33) -> 0.70603765 | AD34: =(($AJ$29)/(SQRT(AE34)*SQRT((2/$B$32)*(1/$AD$29))))+($AD$30/$AD$29) -> 0.8416831 | AE34: 100 | AF34: =(($AJ$29)/(SQRT(AG34)*SQRT((2/$B$32)*(1/$AF$29))))+($AF$30/$AF$29) -> 0.89479331 | AG34: 100 | AH34: =(($AJ$29)/(SQRT(AI34)*SQRT((2/$B$32)*(1/$AH$29))))+($AH$30/$AH$29) -> 0.93960775 | AI34: 100 | AO34: =(($AO$30)+2*SQRT(($N$7)/(PI()*$AO$28*$J$7)))*2 -> 0.12226379 | AP34: 0 | AQ34: =(($AO$30)+2*SQRT(($N$7)/(PI()*$AQ$28*$J$7)))*2 -> 0.11242997 | AR34: 0 | AS34: =(($AO$30)+2*SQRT(($N$7)/(PI()*$AS$28*$J$7)))*2 -> 0.10568995 | AT34: 0 | AY34: =(($M$7*0.5*$B$32*$E$31^2)/(AZ34))+AZ34*($AY$30^2/(PI()*$AY$28*$I$7*0.5*$B$32*$E$31^2)) -> #DIV/0! | AZ34: 0 | BA34: =(($M$7*0.5*$B$32*$E$31^2)/(BB34))+BB34*(($AY$30^2)/(PI()*$BA$28*$I$7*0.5*$B$32*$E$31^2)) -> #DIV/0! | BB34: 0 | BC34: =(($M$7*0.5*$B$32*$E$31^2)/(BD34))+BD34*(($AY$30^2)/(PI()*$BC$28*$I$7*0.5*$B$32*$E$31^2)) -> #DIV/0! | BD34: 0
O35: 600 | P35: =(($I$12/O35)*($O$27/1.1^2)*1)^-1 -> 0.049947645 | Q35: 600 | R35: =(($I$12/Q35)*($Q$27/1.1^2)*1)^-1 -> 0.049947645 | S35: 600 | T35: =(($I$12/S35)*($S$27/1.1^2)*1)^-1 -> 0.049947645 | W35: 600 | X35: =((($M$7*0.5*$E$29*$E$31^2)/($E$32*W35))+($E$32*W35)*(1/(PI()*$X$28*$I$7*0.5*$E$29*$E$31^2)))*($B$32/$E$29)^(3/4)*($E$32/$E$33) -> 0.59639935 | Y35: =((($M$7*0.5*$E$29*$E$31^2)/(W35*$E$32))+(W35*$E$32)*(1/(PI()*$Y$28*$I$7*0.5*$E$29*$E$31^2)))*($B$32/$E$29)^(3/4)*($E$32/$E$33) -> 0.59297926 | Z35: =((($M$7*0.5*$E$29*$E$31^2)/(W35*$E$32))+(W35*$E$32)*(1/(PI()*$Z$28*$I$7*0.5*$E$29*$E$31^2)))*($B$32/$E$29)^(3/4)*($E$32/$E$33) -> 0.59091524 | AD35: =(($AJ$29)/(SQRT(AE35)*SQRT((2/$B$32)*(1/$AD$29))))+($AD$30/$AD$29) -> 0.60771954 | AE35: 200 | AF35: =(($AJ$29)/(SQRT(AG35)*SQRT((2/$B$32)*(1/$AF$29))))+($AF$30/$AF$29) -> 0.64361121 | AG35: 200 | AH35: =(($AJ$29)/(SQRT(AI35)*SQRT((2/$B$32)*(1/$AH$29))))+($AH$30/$AH$29) -> 0.67416006 | AI35: 200 | AO35: =(($AO$30)+2*SQRT(($N$7)/(PI()*$AO$28*$J$7)))*2 -> 0.12226379 | AP35: 100 | AQ35: =(($AO$30)+2*SQRT(($N$7)/(PI()*$AQ$28*$J$7)))*2 -> 0.11242997 | AR35: 100 | AS35: =(($AO$30)+2*SQRT(($N$7)/(PI()*$AS$28*$J$7)))*2 -> 0.10568995 | AT35: 100 | AY35: =(($M$7*0.5*$B$32*$E$31^2)/(AZ35))+AZ35*($AY$30^2/(PI()*$AY$28*$I$7*0.5*$B$32*$E$31^2)) -> 2.36613 | AZ35: 100 | BA35: =(($M$7*0.5*$B$32*$E$31^2)/(BB35))+BB35*(($AY$30^2)/(PI()*$BA$28*$I$7*0.5*$B$32*$E$31^2)) -> 2.3659047 | BB35: 100 | BC35: =(($M$7*0.5*$B$32*$E$31^2)/(BD35))+BD35*(($AY$30^2)/(PI()*$BC$28*$I$7*0.5*$B$32*$E$31^2)) -> 2.3657687 | BD35: 100
O36: 700 | P36: =(($I$12/O36)*($O$27/1.1^2)*1)^-1 -> 0.058272253 | Q36: 700 | R36: =(($I$12/Q36)*($Q$27/1.1^2)*1)^-1 -> 0.058272253 | S36: 700 | T36: =(($I$12/S36)*($S$27/1.1^2)*1)^-1 -> 0.058272253 | W36: 700 | X36: =((($M$7*0.5*$E$29*$E$31^2)/($E$32*W36))+($E$32*W36)*(1/(PI()*$X$28*$I$7*0.5*$E$29*$E$31^2)))*($B$32/$E$29)^(3/4)*($E$32/$E$33) -> 0.51548056 | Y36: =((($M$7*0.5*$E$29*$E$31^2)/(W36*$E$32))+(W36*$E$32)*(1/(PI()*$Y$28*$I$7*0.5*$E$29*$E$31^2)))*($B$32/$E$29)^(3/4)*($E$32/$E$33) -> 0.51149045 | Z36: =((($M$7*0.5*$E$29*$E$31^2)/(W36*$E$32))+(W36*$E$32)*(1/(PI()*$Z$28*$I$7*0.5*$E$29*$E$31^2)))*($B$32/$E$29)^(3/4)*($E$32/$E$33) -> 0.50908243 | AD36: =(($AJ$29)/(SQRT(AE36)*SQRT((2/$B$32)*(1/$AD$29))))+($AD$30/$AD$29) -> 0.50406984 | AE36: 300 | AF36: =(($AJ$29)/(SQRT(AG36)*SQRT((2/$B$32)*(1/$AF$29))))+($AF$30/$AF$29) -> 0.53233341 | AG36: 300 | AH36: =(($AJ$29)/(SQRT(AI36)*SQRT((2/$B$32)*(1/$AH$29))))+($AH$30/$AH$29) -> 0.55656236 | AI36: 300 | AO36: =(($AO$30)+2*SQRT(($N$7)/(PI()*$AO$28*$J$7)))*2 -> 0.12226379 | AP36: 200 | AQ36: =(($AO$30)+2*SQRT(($N$7)/(PI()*$AQ$28*$J$7)))*2 -> 0.11242997 | AR36: 200 | AS36: =(($AO$30)+2*SQRT(($N$7)/(PI()*$AS$28*$J$7)))*2 -> 0.10568995 | AT36: 200 | AY36: =(($M$7*0.5*$B$32*$E$31^2)/(AZ36))+AZ36*($AY$30^2/(PI()*$AY$28*$I$7*0.5*$B$32*$E$31^2)) -> 1.1844316 | AZ36: 200 | BA36: =(($M$7*0.5*$B$32*$E$31^2)/(BB36))+BB36*(($AY$30^2)/(PI()*$BA$28*$I$7*0.5*$B$32*$E$31^2)) -> 1.183981 | BB36: 200 | BC36: =(($M$7*0.5*$B$32*$E$31^2)/(BD36))+BD36*(($AY$30^2)/(PI()*$BC$28*$I$7*0.5*$B$32*$E$31^2)) -> 1.1837091 | BD36: 200
O37: 800 | P37: =(($I$12/O37)*($O$27/1.1^2)*1)^-1 -> 0.06659686 | Q37: 800 | R37: =(($I$12/Q37)*($Q$27/1.1^2)*1)^-1 -> 0.06659686 | S37: 800 | T37: =(($I$12/S37)*($S$27/1.1^2)*1)^-1 -> 0.06659686 | W37: 800 | X37: =((($M$7*0.5*$E$29*$E$31^2)/($E$32*W37))+($E$32*W37)*(1/(PI()*$X$28*$I$7*0.5*$E$29*$E$31^2)))*($B$32/$E$29)^(3/4)*($E$32/$E$33) -> 0.45536776 | Y37: =((($M$7*0.5*$E$29*$E$31^2)/(W37*$E$32))+(W37*$E$32)*(1/(PI()*$Y$28*$I$7*0.5*$E$29*$E$31^2)))*($B$32/$E$29)^(3/4)*($E$32/$E$33) -> 0.45080765 | Z37: =((($M$7*0.5*$E$29*$E$31^2)/(W37*$E$32))+(W37*$E$32)*(1/(PI()*$Z$28*$I$7*0.5*$E$29*$E$31^2)))*($B$32/$E$29)^(3/4)*($E$32/$E$33) -> 0.44805562 | AD37: =(($AJ$29)/(SQRT(AE37)*SQRT((2/$B$32)*(1/$AD$29))))+($AD$30/$AD$29) -> 0.44228232 | AE37: 400 | AF37: =(($AJ$29)/(SQRT(AG37)*SQRT((2/$B$32)*(1/$AF$29))))+($AF$30/$AF$29) -> 0.46599864 | AG37: 400 | AH37: =(($AJ$29)/(SQRT(AI37)*SQRT((2/$B$32)*(1/$AH$29))))+($AH$30/$AH$29) -> 0.48646019 | AI37: 400 | AO37: =(($AO$30)+2*SQRT(($N$7)/(PI()*$AO$28*$J$7)))*2 -> 0.12226379 | AP37: 300 | AQ37: =(($AO$30)+2*SQRT(($N$7)/(PI()*$AQ$28*$J$7)))*2 -> 0.11242997 | AR37: 300 | AS37: =(($AO$30)+2*SQRT(($N$7)/(PI()*$AS$28*$J$7)))*2 -> 0.10568995 | AT37: 300 | AY37: =(($M$7*0.5*$B$32*$E$31^2)/(AZ37))+AZ37*($AY$30^2/(PI()*$AY$28*$I$7*0.5*$B$32*$E$31^2)) -> 0.7911395 | AZ37: 300 | BA37: =(($M$7*0.5*$B$32*$E$31^2)/(BB37))+BB37*(($AY$30^2)/(PI()*$BA$28*$I$7*0.5*$B$32*$E$31^2)) -> 0.79046366 | BB37: 300 | BC37: =(($M$7*0.5*$B$32*$E$31^2)/(BD37))+BD37*(($AY$30^2)/(PI()*$BC$28*$I$7*0.5*$B$32*$E$31^2)) -> 0.79005578 | BD37: 300
O38: 900 | P38: =(($I$12/O38)*($O$27/1.1^2)*1)^-1 -> 0.074921468 | Q38: 900 | R38: =(($I$12/Q38)*($Q$27/1.1^2)*1)^-1 -> 0.074921468 | S38: 900 | T38: =(($I$12/S38)*($S$27/1.1^2)*1)^-1 -> 0.074921468 | W38: 900 | X38: =((($M$7*0.5*$E$29*$E$31^2)/($E$32*W38))+($E$32*W38)*(1/(PI()*$X$28*$I$7*0.5*$E$29*$E$31^2)))*($B$32/$E$29)^(3/4)*($E$32/$E$33) -> 0.40912564 | Y38: =((($M$7*0.5*$E$29*$E$31^2)/(W38*$E$32))+(W38*$E$32)*(1/(PI()*$Y$28*$I$7*0.5*$E$29*$E$31^2)))*($B$32/$E$29)^(3/4)*($E$32/$E$33) -> 0.40399551 | Z38: =((($M$7*0.5*$E$29*$E$31^2)/(W38*$E$32))+(W38*$E$32)*(1/(PI()*$Z$28*$I$7*0.5*$E$29*$E$31^2)))*($B$32/$E$29)^(3/4)*($E$32/$E$33) -> 0.40089947 | AD38: =(($AJ$29)/(SQRT(AE38)*SQRT((2/$B$32)*(1/$AD$29))))+($AD$30/$AD$29) -> 0.40011646 | AE38: 500 | AF38: =(($AJ$29)/(SQRT(AG38)*SQRT((2/$B$32)*(1/$AF$29))))+($AF$30/$AF$29) -> 0.42072959 | AG38: 500 | AH38: =(($AJ$29)/(SQRT(AI38)*SQRT((2/$B$32)*(1/$AH$29))))+($AH$30/$AH$29) -> 0.43862013 | AI38: 500 | AO38: =(($AO$30)+2*SQRT(($N$7)/(PI()*$AO$28*$J$7)))*2 -> 0.12226379 | AP38: 400 | AQ38: =(($AO$30)+2*SQRT(($N$7)/(PI()*$AQ$28*$J$7)))*2 -> 0.11242997 | AR38: 400 | AS38: =(($AO$30)+2*SQRT(($N$7)/(PI()*$AS$28*$J$7)))*2 -> 0.10568995 | AT38: 400 | AY38: =(($M$7*0.5*$B$32*$E$31^2)/(AZ38))+AZ38*($AY$30^2/(PI()*$AY$28*$I$7*0.5*$B$32*$E$31^2)) -> 0.59494899 | AZ38: 400 | BA38: =(($M$7*0.5*$B$32*$E$31^2)/(BB38))+BB38*(($AY$30^2)/(PI()*$BA$28*$I$7*0.5*$B$32*$E$31^2)) -> 0.59404787 | BB38: 400 | BC38: =(($M$7*0.5*$B$32*$E$31^2)/(BD38))+BD38*(($AY$30^2)/(PI()*$BC$28*$I$7*0.5*$B$32*$E$31^2)) -> 0.59350404 | BD38: 400
O39: 1000 | P39: =(($I$12/O39)*($O$27/1.1^2)*1)^-1 -> 0.083246075 | Q39: 1000 | R39: =(($I$12/Q39)*($Q$27/1.1^2)*1)^-1 -> 0.083246075 | S39: 1000 | T39: =(($I$12/S39)*($S$27/1.1^2)*1)^-1 -> 0.083246075 | W39: 1000 | X39: =((($M$7*0.5*$E$29*$E$31^2)/($E$32*W39))+($E$32*W39)*(1/(PI()*$X$28*$I$7*0.5*$E$29*$E$31^2)))*($B$32/$E$29)^(3/4)*($E$32/$E$33) -> 0.37259299 | Y39: =((($M$7*0.5*$E$29*$E$31^2)/(W39*$E$32))+(W39*$E$32)*(1/(PI()*$Y$28*$I$7*0.5*$E$29*$E$31^2)))*($B$32/$E$29)^(3/4)*($E$32/$E$33) -> 0.36689284 | Z39: =((($M$7*0.5*$E$29*$E$31^2)/(W39*$E$32))+(W39*$E$32)*(1/(PI()*$Z$28*$I$7*0.5*$E$29*$E$31^2)))*($B$32/$E$29)^(3/4)*($E$32/$E$33) -> 0.3634528 | AD39: =(($AJ$29)/(SQRT(AE39)*SQRT((2/$B$32)*(1/$AD$29))))+($AD$30/$AD$29) -> 0.36899091 | AE39: 600 | AF39: =(($AJ$29)/(SQRT(AG39)*SQRT((2/$B$32)*(1/$AF$29))))+($AF$30/$AF$29) -> 0.38731336 | AG39: 600 | AH39: =(($AJ$29)/(SQRT(AI39)*SQRT((2/$B$32)*(1/$AH$29))))+($AH$30/$AH$29) -> 0.40330606 | AI39: 600 | AO39: =(($AO$30)+2*SQRT(($N$7)/(PI()*$AO$28*$J$7)))*2 -> 0.12226379 | AP39: 500 | AQ39: =(($AO$30)+2*SQRT(($N$7)/(PI()*$AQ$28*$J$7)))*2 -> 0.11242997 | AR39: 500 | AS39: =(($AO$30)+2*SQRT(($N$7)/(PI()*$AS$28*$J$7)))*2 -> 0.10568995 | AT39: 500 | AY39: =(($M$7*0.5*$B$32*$E$31^2)/(AZ39))+AZ39*($AY$30^2/(PI()*$AY$28*$I$7*0.5*$B$32*$E$31^2)) -> 0.47759912 | AZ39: 500 | BA39: =(($M$7*0.5*$B$32*$E$31^2)/(BB39))+BB39*(($AY$30^2)/(PI()*$BA$28*$I$7*0.5*$B$32*$E$31^2)) -> 0.47647271 | BB39: 500 | BC39: =(($M$7*0.5*$B$32*$E$31^2)/(BD39))+BD39*(($AY$30^2)/(PI()*$BC$28*$I$7*0.5*$B$32*$E$31^2)) -> 0.47579292 | BD39: 500
O40: 1100 | P40: =(($I$12/O40)*($O$27/1.1^2)*1)^-1 -> 0.091570683 | Q40: 1100 | R40: =(($I$12/Q40)*($Q$27/1.1^2)*1)^-1 -> 0.091570683 | S40: 1100 | T40: =(($I$12/S40)*($S$27/1.1^2)*1)^-1 -> 0.091570683 | W40: 1100 | X40: =((($M$7*0.5*$E$29*$E$31^2)/($E$32*W40))+($E$32*W40)*(1/(PI()*$X$28*$I$7*0.5*$E$29*$E$31^2)))*($B$32/$E$29)^(3/4)*($E$32/$E$33) -> 0.34312176 | Y40: =((($M$7*0.5*$E$29*$E$31^2)/(W40*$E$32))+(W40*$E$32)*(1/(PI()*$Y$28*$I$7*0.5*$E$29*$E$31^2)))*($B$32/$E$29)^(3/4)*($E$32/$E$33) -> 0.3368516 | Z40: =((($M$7*0.5*$E$29*$E$31^2)/(W40*$E$32))+(W40*$E$32)*(1/(PI()*$Z$28*$I$7*0.5*$E$29*$E$31^2)))*($B$32/$E$29)^(3/4)*($E$32/$E$33) -> 0.33306756 | AD40: =(($AJ$29)/(SQRT(AE40)*SQRT((2/$B$32)*(1/$AD$29))))+($AD$30/$AD$29) -> 0.34480015 | AE40: 700 | AF40: =(($AJ$29)/(SQRT(AG40)*SQRT((2/$B$32)*(1/$AF$29))))+($AF$30/$AF$29) -> 0.36134228 | AG40: 700 | AH40: =(($AJ$29)/(SQRT(AI40)*SQRT((2/$B$32)*(1/$AH$29))))+($AH$30/$AH$29) -> 0.37585999 | AI40: 700 | AO40: =(($AO$30)+2*SQRT(($N$7)/(PI()*$AO$28*$J$7)))*2 -> 0.12226379 | AP40: 600 | AQ40: =(($AO$30)+2*SQRT(($N$7)/(PI()*$AQ$28*$J$7)))*2 -> 0.11242997 | AR40: 600 | AS40: =(($AO$30)+2*SQRT(($N$7)/(PI()*$AS$28*$J$7)))*2 -> 0.10568995 | AT40: 600 | AY40: =(($M$7*0.5*$B$32*$E$31^2)/(AZ40))+AZ40*($AY$30^2/(PI()*$AY$28*$I$7*0.5*$B$32*$E$31^2)) -> 0.39966955 | AZ40: 600 | BA40: =(($M$7*0.5*$B$32*$E$31^2)/(BB40))+BB40*(($AY$30^2)/(PI()*$BA$28*$I$7*0.5*$B$32*$E$31^2)) -> 0.39831787 | BB40: 600 | BC40: =(($M$7*0.5*$B$32*$E$31^2)/(BD40))+BD40*(($AY$30^2)/(PI()*$BC$28*$I$7*0.5*$B$32*$E$31^2)) -> 0.39750212 | BD40: 600
O41: 1200 | P41: =(($I$12/O41)*($O$27/1.1^2)*1)^-1 -> 0.09989529 | Q41: 1200 | R41: =(($I$12/Q41)*($Q$27/1.1^2)*1)^-1 -> 0.09989529 | S41: 1200 | T41: =(($I$12/S41)*($S$27/1.1^2)*1)^-1 -> 0.09989529 | W41: 1200 | X41: =((($M$7*0.5*$E$29*$E$31^2)/($E$32*W41))+($E$32*W41)*(1/(PI()*$X$28*$I$7*0.5*$E$29*$E$31^2)))*($B$32/$E$29)^(3/4)*($E$32/$E$33) -> 0.31894661 | Y41: =((($M$7*0.5*$E$29*$E$31^2)/(W41*$E$32))+(W41*$E$32)*(1/(PI()*$Y$28*$I$7*0.5*$E$29*$E$31^2)))*($B$32/$E$29)^(3/4)*($E$32/$E$33) -> 0.31210643 | Z41: =((($M$7*0.5*$E$29*$E$31^2)/(W41*$E$32))+(W41*$E$32)*(1/(PI()*$Z$28*$I$7*0.5*$E$29*$E$31^2)))*($B$32/$E$29)^(3/4)*($E$32/$E$33) -> 0.30797839 | AD41: =(($AJ$29)/(SQRT(AE41)*SQRT((2/$B$32)*(1/$AD$29))))+($AD$30/$AD$29) -> 0.32530054 | AE41: 800 | AF41: =(($AJ$29)/(SQRT(AG41)*SQRT((2/$B$32)*(1/$AF$29))))+($AF$30/$AF$29) -> 0.34040759 | AG41: 800 | AH41: =(($AJ$29)/(SQRT(AI41)*SQRT((2/$B$32)*(1/$AH$29))))+($AH$30/$AH$29) -> 0.35373634 | AI41: 800 | AO41: =(($AO$30)+2*SQRT(($N$7)/(PI()*$AO$28*$J$7)))*2 -> 0.12226379 | AP41: 700 | AQ41: =(($AO$30)+2*SQRT(($N$7)/(PI()*$AQ$28*$J$7)))*2 -> 0.11242997 | AR41: 700 | AS41: =(($AO$30)+2*SQRT(($N$7)/(PI()*$AS$28*$J$7)))*2 -> 0.10568995 | AT41: 700 | AY41: =(($M$7*0.5*$B$32*$E$31^2)/(AZ41))+AZ41*($AY$30^2/(PI()*$AY$28*$I$7*0.5*$B$32*$E$31^2)) -> 0.34426589 | AZ41: 700 | BA41: =(($M$7*0.5*$B$32*$E$31^2)/(BB41))+BB41*(($AY$30^2)/(PI()*$BA$28*$I$7*0.5*$B$32*$E$31^2)) -> 0.34268892 | BB41: 700 | BC41: =(($M$7*0.5*$B$32*$E$31^2)/(BD41))+BD41*(($AY$30^2)/(PI()*$BC$28*$I$7*0.5*$B$32*$E$31^2)) -> 0.34173722 | BD41: 700
O42: 1300 | P42: =(($I$12/O42)*($O$27/1.1^2)*1)^-1 -> 0.1082199 | Q42: 1300 | R42: =(($I$12/Q42)*($Q$27/1.1^2)*1)^-1 -> 0.1082199 | S42: 1300 | T42: =(($I$12/S42)*($S$27/1.1^2)*1)^-1 -> 0.1082199 | W42: 1300 | X42: =((($M$7*0.5*$E$29*$E$31^2)/($E$32*W42))+($E$32*W42)*(1/(PI()*$X$28*$I$7*0.5*$E$29*$E$31^2)))*($B$32/$E$29)^(3/4)*($E$32/$E$33) -> 0.29884536 | Y42: =((($M$7*0.5*$E$29*$E$31^2)/(W42*$E$32))+(W42*$E$32)*(1/(PI()*$Y$28*$I$7*0.5*$E$29*$E$31^2)))*($B$32/$E$29)^(3/4)*($E$32/$E$33) -> 0.29143517 | Z42: =((($M$7*0.5*$E$29*$E$31^2)/(W42*$E$32))+(W42*$E$32)*(1/(PI()*$Z$28*$I$7*0.5*$E$29*$E$31^2)))*($B$32/$E$29)^(3/4)*($E$32/$E$33) -> 0.28696312 | AD42: =(($AJ$29)/(SQRT(AE42)*SQRT((2/$B$32)*(1/$AD$29))))+($AD$30/$AD$29) -> 0.30914873 | AE42: 900 | AF42: =(($AJ$29)/(SQRT(AG42)*SQRT((2/$B$32)*(1/$AF$29))))+($AF$30/$AF$29) -> 0.32306709 | AG42: 900 | AH42: =(($AJ$29)/(SQRT(AI42)*SQRT((2/$B$32)*(1/$AH$29))))+($AH$30/$AH$29) -> 0.335411 | AI42: 900 | AO42: =(($AO$30)+2*SQRT(($N$7)/(PI()*$AO$28*$J$7)))*2 -> 0.12226379 | AP42: 800 | AQ42: =(($AO$30)+2*SQRT(($N$7)/(PI()*$AQ$28*$J$7)))*2 -> 0.11242997 | AR42: 800 | AS42: =(($AO$30)+2*SQRT(($N$7)/(PI()*$AS$28*$J$7)))*2 -> 0.10568995 | AT42: 800 | AY42: =(($M$7*0.5*$B$32*$E$31^2)/(AZ42))+AZ42*($AY$30^2/(PI()*$AY$28*$I$7*0.5*$B$32*$E$31^2)) -> 0.3029409 | AZ42: 800 | BA42: =(($M$7*0.5*$B$32*$E$31^2)/(BB42))+BB42*(($AY$30^2)/(PI()*$BA$28*$I$7*0.5*$B$32*$E$31^2)) -> 0.30113865 | BB42: 800 | BC42: =(($M$7*0.5*$B$32*$E$31^2)/(BD42))+BD42*(($AY$30^2)/(PI()*$BC$28*$I$7*0.5*$B$32*$E$31^2)) -> 0.30005099 | BD42: 800
O43: 1400 | P43: =(($I$12/O43)*($O$27/1.1^2)*1)^-1 -> 0.11654451 | Q43: 1400 | R43: =(($I$12/Q43)*($Q$27/1.1^2)*1)^-1 -> 0.11654451 | S43: 1400 | T43: =(($I$12/S43)*($S$27/1.1^2)*1)^-1 -> 0.11654451 | W43: 1400 | X43: =((($M$7*0.5*$E$29*$E$31^2)/($E$32*W43))+($E$32*W43)*(1/(PI()*$X$28*$I$7*0.5*$E$29*$E$31^2)))*($B$32/$E$29)^(3/4)*($E$32/$E$33) -> 0.28194504 | Y43: =((($M$7*0.5*$E$29*$E$31^2)/(W43*$E$32))+(W43*$E$32)*(1/(PI()*$Y$28*$I$7*0.5*$E$29*$E$31^2)))*($B$32/$E$29)^(3/4)*($E$32/$E$33) -> 0.27396483 | Z43: =((($M$7*0.5*$E$29*$E$31^2)/(W43*$E$32))+(W43*$E$32)*(1/(PI()*$Z$28*$I$7*0.5*$E$29*$E$31^2)))*($B$32/$E$29)^(3/4)*($E$32/$E$33) -> 0.26914878 | AD43: =(($AJ$29)/(SQRT(AE43)*SQRT((2/$B$32)*(1/$AD$29))))+($AD$30/$AD$29) -> 0.29548477 | AE43: 1000 | AF43: =(($AJ$29)/(SQRT(AG43)*SQRT((2/$B$32)*(1/$AF$29))))+($AF$30/$AF$29) -> 0.30839754 | AG43: 1000 | AH43: =(($AJ$29)/(SQRT(AI43)*SQRT((2/$B$32)*(1/$AH$29))))+($AH$30/$AH$29) -> 0.31990831 | AI43: 1000 | AO43: =(($AO$30)+2*SQRT(($N$7)/(PI()*$AO$28*$J$7)))*2 -> 0.12226379 | AP43: 900 | AQ43: =(($AO$30)+2*SQRT(($N$7)/(PI()*$AQ$28*$J$7)))*2 -> 0.11242997 | AR43: 900 | AS43: =(($AO$30)+2*SQRT(($N$7)/(PI()*$AS$28*$J$7)))*2 -> 0.10568995 | AT43: 900 | AY43: =(($M$7*0.5*$B$32*$E$31^2)/(AZ43))+AZ43*($AY$30^2/(PI()*$AY$28*$I$7*0.5*$B$32*$E$31^2)) -> 0.27100171 | AZ43: 900 | BA43: =(($M$7*0.5*$B$32*$E$31^2)/(BB43))+BB43*(($AY$30^2)/(PI()*$BA$28*$I$7*0.5*$B$32*$E$31^2)) -> 0.26897418 | BB43: 900 | BC43: =(($M$7*0.5*$B$32*$E$31^2)/(BD43))+BD43*(($AY$30^2)/(PI()*$BC$28*$I$7*0.5*$B$32*$E$31^2)) -> 0.26775056 | BD43: 900
O44: 1500 | P44: =(($I$12/O44)*($O$27/1.1^2)*1)^-1 -> 0.12486911 | Q44: 1500 | R44: =(($I$12/Q44)*($Q$27/1.1^2)*1)^-1 -> 0.12486911 | S44: 1500 | T44: =(($I$12/S44)*($S$27/1.1^2)*1)^-1 -> 0.12486911 | W44: 1500 | X44: =((($M$7*0.5*$E$29*$E$31^2)/($E$32*W44))+($E$32*W44)*(1/(PI()*$X$28*$I$7*0.5*$E$29*$E$31^2)))*($B$32/$E$29)^(3/4)*($E$32/$E$33) -> 0.26760545 | Y44: =((($M$7*0.5*$E$29*$E$31^2)/(W44*$E$32))+(W44*$E$32)*(1/(PI()*$Y$28*$I$7*0.5*$E$29*$E$31^2)))*($B$32/$E$29)^(3/4)*($E$32/$E$33) -> 0.25905523 | Z44: =((($M$7*0.5*$E$29*$E$31^2)/(W44*$E$32))+(W44*$E$32)*(1/(PI()*$Z$28*$I$7*0.5*$E$29*$E$31^2)))*($B$32/$E$29)^(3/4)*($E$32/$E$33) -> 0.25389517 | AD44: =(($AJ$29)/(SQRT(AE44)*SQRT((2/$B$32)*(1/$AD$29))))+($AD$30/$AD$29) -> 0.28372927 | AE44: 1100 | AF44: =(($AJ$29)/(SQRT(AG44)*SQRT((2/$B$32)*(1/$AF$29))))+($AF$30/$AF$29) -> 0.29577689 | AG44: 1100 | AH44: =(($AJ$29)/(SQRT(AI44)*SQRT((2/$B$32)*(1/$AH$29))))+($AH$30/$AH$29) -> 0.30657089 | AI44: 1100 | AO44: =(($AO$30)+2*SQRT(($N$7)/(PI()*$AO$28*$J$7)))*2 -> 0.12226379 | AP44: 1000 | AQ44: =(($AO$30)+2*SQRT(($N$7)/(PI()*$AQ$28*$J$7)))*2 -> 0.11242997 | AR44: 1000 | AS44: =(($AO$30)+2*SQRT(($N$7)/(PI()*$AS$28*$J$7)))*2 -> 0.10568995 | AT44: 1000 | AY44: =(($M$7*0.5*$B$32*$E$31^2)/(AZ44))+AZ44*($AY$30^2/(PI()*$AY$28*$I$7*0.5*$B$32*$E$31^2)) -> 0.24563257 | AZ44: 1000 | BA44: =(($M$7*0.5*$B$32*$E$31^2)/(BB44))+BB44*(($AY$30^2)/(PI()*$BA$28*$I$7*0.5*$B$32*$E$31^2)) -> 0.24337975 | BB44: 1000 | BC44: =(($M$7*0.5*$B$32*$E$31^2)/(BD44))+BD44*(($AY$30^2)/(PI()*$BC$28*$I$7*0.5*$B$32*$E$31^2)) -> 0.24202018 | BD44: 1000
O45: 1600 | P45: =(($I$12/O45)*($O$27/1.1^2)*1)^-1 -> 0.13319372 | Q45: 1600 | R45: =(($I$12/Q45)*($Q$27/1.1^2)*1)^-1 -> 0.13319372 | S45: 1600 | T45: =(($I$12/S45)*($S$27/1.1^2)*1)^-1 -> 0.13319372 | W45: 1600 | X45: =((($M$7*0.5*$E$29*$E$31^2)/($E$32*W45))+($E$32*W45)*(1/(PI()*$X$28*$I$7*0.5*$E$29*$E$31^2)))*($B$32/$E$29)^(3/4)*($E$32/$E$33) -> 0.25534646 | Y45: =((($M$7*0.5*$E$29*$E$31^2)/(W45*$E$32))+(W45*$E$32)*(1/(PI()*$Y$28*$I$7*0.5*$E$29*$E$31^2)))*($B$32/$E$29)^(3/4)*($E$32/$E$33) -> 0.24622623 | Z45: =((($M$7*0.5*$E$29*$E$31^2)/(W45*$E$32))+(W45*$E$32)*(1/(PI()*$Z$28*$I$7*0.5*$E$29*$E$31^2)))*($B$32/$E$29)^(3/4)*($E$32/$E$33) -> 0.24072217 | AD45: =(($AJ$29)/(SQRT(AE45)*SQRT((2/$B$32)*(1/$AD$29))))+($AD$30/$AD$29) -> 0.27347569 | AE45: 1200 | AF45: =(($AJ$29)/(SQRT(AG45)*SQRT((2/$B$32)*(1/$AF$29))))+($AF$30/$AF$29) -> 0.28476869 | AG45: 1200 | AH45: =(($AJ$29)/(SQRT(AI45)*SQRT((2/$B$32)*(1/$AH$29))))+($AH$30/$AH$29) -> 0.29493749 | AI45: 1200 | AO45: =(($AO$30)+2*SQRT(($N$7)/(PI()*$AO$28*$J$7)))*2 -> 0.12226379 | AP45: 1100 | AQ45: =(($AO$30)+2*SQRT(($N$7)/(PI()*$AQ$28*$J$7)))*2 -> 0.11242997 | AR45: 1100 | AS45: =(($AO$30)+2*SQRT(($N$7)/(PI()*$AS$28*$J$7)))*2 -> 0.10568995 | AT45: 1100 | AY45: =(($M$7*0.5*$B$32*$E$31^2)/(AZ45))+AZ45*($AY$30^2/(PI()*$AY$28*$I$7*0.5*$B$32*$E$31^2)) -> 0.22504164 | AZ45: 1100 | BA45: =(($M$7*0.5*$B$32*$E$31^2)/(BB45))+BB45*(($AY$30^2)/(PI()*$BA$28*$I$7*0.5*$B$32*$E$31^2)) -> 0.22256355 | BB45: 1100 | BC45: =(($M$7*0.5*$B$32*$E$31^2)/(BD45))+BD45*(($AY$30^2)/(PI()*$BC$28*$I$7*0.5*$B$32*$E$31^2)) -> 0.22106802 | BD45: 1100
... O89: 6000 | P89: =(($I$12/O89)*($O$27/1.1^2)*1)^-1 -> 0.49947645 | Q89: 6000 | R89: =(($I$12/Q89)*($Q$27/1.1^2)*1)^-1 -> 0.49947645 | S89: 6000 | T89: =(($I$12/S89)*($S$27/1.1^2)*1)^-1 -> 0.49947645 | W89: 6000 | X89: =((($M$7*0.5*$E$29*$E$31^2)/($E$32*W89))+($E$32*W89)*(1/(PI()*$X$28*$I$7*0.5*$E$29*$E$31^2)))*($B$32/$E$29)^(3/4)*($E$32/$E$33) -> 0.1965697 | Y89: =((($M$7*0.5*$E$29*$E$31^2)/(W89*$E$32))+(W89*$E$32)*(1/(PI()*$Y$28*$I$7*0.5*$E$29*$E$31^2)))*($B$32/$E$29)^(3/4)*($E$32/$E$33) -> 0.16236882 | Z89: =((($M$7*0.5*$E$29*$E$31^2)/(W89*$E$32))+(W89*$E$32)*(1/(PI()*$Z$28*$I$7*0.5*$E$29*$E$31^2)))*($B$32/$E$29)^(3/4)*($E$32/$E$33) -> 0.1417286 | AD89: =(($AJ$29)/(SQRT(AE89)*SQRT((2/$B$32)*(1/$AD$29))))+($AD$30/$AD$29) -> 0.14962589 | AE89: 5600 | AF89: =(($AJ$29)/(SQRT(AG89)*SQRT((2/$B$32)*(1/$AF$29))))+($AF$30/$AF$29) -> 0.15180418 | AG89: 5600 | AH89: =(($AJ$29)/(SQRT(AI89)*SQRT((2/$B$32)*(1/$AH$29))))+($AH$30/$AH$29) -> 0.15442141 | AI89: 5600 | AO89: =(($AO$30)+2*SQRT(($N$7)/(PI()*$AO$28*$J$7)))*2 -> 0.12226379 | AP89: 5500 | AQ89: =(($AO$30)+2*SQRT(($N$7)/(PI()*$AQ$28*$J$7)))*2 -> 0.11242997 | AR89: 5500 | AS89: =(($AO$30)+2*SQRT(($N$7)/(PI()*$AS$28*$J$7)))*2 -> 0.10568995 | AT89: 5500 | AY89: =(($M$7*0.5*$B$32*$E$31^2)/(AZ89))+AZ89*($AY$30^2/(PI()*$AY$28*$I$7*0.5*$B$32*$E$31^2)) -> 0.093112699 | AZ89: 5500 | BA89: =(($M$7*0.5*$B$32*$E$31^2)/(BB89))+BB89*(($AY$30^2)/(PI()*$BA$28*$I$7*0.5*$B$32*$E$31^2)) -> 0.080722224 | BB89: 5500 | BC89: =(($M$7*0.5*$B$32*$E$31^2)/(BD89))+BD89*(($AY$30^2)/(PI()*$BC$28*$I$7*0.5*$B$32*$E$31^2)) -> 0.073244576 | BD89: 5500
AD90: =(($AJ$29)/(SQRT(AE90)*SQRT((2/$B$32)*(1/$AD$29))))+($AD$30/$AD$29) -> 0.14868539 | AE90: 5700 | AF90: =(($AJ$29)/(SQRT(AG90)*SQRT((2/$B$32)*(1/$AF$29))))+($AF$30/$AF$29) -> 0.15079446 | AG90: 5700 | AH90: =(($AJ$29)/(SQRT(AI90)*SQRT((2/$B$32)*(1/$AH$29))))+($AH$30/$AH$29) -> 0.15335435 | AI90: 5700 | AO90: =(($AO$30)+2*SQRT(($N$7)/(PI()*$AO$28*$J$7)))*2 -> 0.12226379 | AP90: 5600 | AQ90: =(($AO$30)+2*SQRT(($N$7)/(PI()*$AQ$28*$J$7)))*2 -> 0.11242997 | AR90: 5600 | AS90: =(($AO$30)+2*SQRT(($N$7)/(PI()*$AS$28*$J$7)))*2 -> 0.10568995 | AT90: 5600 | AY90: =(($M$7*0.5*$B$32*$E$31^2)/(AZ90))+AZ90*($AY$30^2/(PI()*$AY$28*$I$7*0.5*$B$32*$E$31^2)) -> 0.093255838 | AZ90: 5600 | BA90: =(($M$7*0.5*$B$32*$E$31^2)/(BB90))+BB90*(($AY$30^2)/(PI()*$BA$28*$I$7*0.5*$B$32*$E$31^2)) -> 0.080640082 | BB90: 5600 | BC90: =(($M$7*0.5*$B$32*$E$31^2)/(BD90))+BD90*(($AY$30^2)/(PI()*$BC$28*$I$7*0.5*$B$32*$E$31^2)) -> 0.073026477 | BD90: 5600
AD91: =(($AJ$29)/(SQRT(AE91)*SQRT((2/$B$32)*(1/$AD$29))))+($AD$30/$AD$29) -> 0.14776932 | AE91: 5800 | AF91: =(($AJ$29)/(SQRT(AG91)*SQRT((2/$B$32)*(1/$AF$29))))+($AF$30/$AF$29) -> 0.14981098 | AG91: 5800 | AH91: =(($AJ$29)/(SQRT(AI91)*SQRT((2/$B$32)*(1/$AH$29))))+($AH$30/$AH$29) -> 0.15231501 | AI91: 5800 | AO91: =(($AO$30)+2*SQRT(($N$7)/(PI()*$AO$28*$J$7)))*2 -> 0.12226379 | AP91: 5700 | AQ91: =(($AO$30)+2*SQRT(($N$7)/(PI()*$AQ$28*$J$7)))*2 -> 0.11242997 | AR91: 5700 | AS91: =(($AO$30)+2*SQRT(($N$7)/(PI()*$AS$28*$J$7)))*2 -> 0.10568995 | AT91: 5700 | AY91: =(($M$7*0.5*$B$32*$E$31^2)/(AZ91))+AZ91*($AY$30^2/(PI()*$AY$28*$I$7*0.5*$B$32*$E$31^2)) -> 0.093425922 | AZ91: 5700 | BA91: =(($M$7*0.5*$B$32*$E$31^2)/(BB91))+BB91*(($AY$30^2)/(PI()*$BA$28*$I$7*0.5*$B$32*$E$31^2)) -> 0.080584885 | BB91: 5700 | BC91: =(($M$7*0.5*$B$32*$E$31^2)/(BD91))+BD91*(($AY$30^2)/(PI()*$BC$28*$I$7*0.5*$B$32*$E$31^2)) -> 0.072835323 | BD91: 5700
Q92: =S9 -> 4976.22 | R92: =(($I$12/Q92)*(1.9/1.1^2)*1)^-1 -> 0.37826058 | AD92: =(($AJ$29)/(SQRT(AE92)*SQRT((2/$B$32)*(1/$AD$29))))+($AD$30/$AD$29) -> 0.14687664 | AE92: 5900 | AF92: =(($AJ$29)/(SQRT(AG92)*SQRT((2/$B$32)*(1/$AF$29))))+($AF$30/$AF$29) -> 0.1488526 | AG92: 5900 | AH92: =(($AJ$29)/(SQRT(AI92)*SQRT((2/$B$32)*(1/$AH$29))))+($AH$30/$AH$29) -> 0.1513022 | AI92: 5900 | AO92: =(($AO$30)+2*SQRT(($N$7)/(PI()*$AO$28*$J$7)))*2 -> 0.12226379 | AP92: 5800 | AQ92: =(($AO$30)+2*SQRT(($N$7)/(PI()*$AQ$28*$J$7)))*2 -> 0.11242997 | AR92: 5800 | AS92: =(($AO$30)+2*SQRT(($N$7)/(PI()*$AS$28*$J$7)))*2 -> 0.10568995 | AT92: 5800 | AY92: =(($M$7*0.5*$B$32*$E$31^2)/(AZ92))+AZ92*($AY$30^2/(PI()*$AY$28*$I$7*0.5*$B$32*$E$31^2)) -> 0.093621558 | AZ92: 5800 | BA92: =(($M$7*0.5*$B$32*$E$31^2)/(BB92))+BB92*(($AY$30^2)/(PI()*$BA$28*$I$7*0.5*$B$32*$E$31^2)) -> 0.080555239 | BB92: 5800 | BC92: =(($M$7*0.5*$B$32*$E$31^2)/(BD92))+BD92*(($AY$30^2)/(PI()*$BC$28*$I$7*0.5*$B$32*$E$31^2)) -> 0.07266972 | BD92: 5800
AD93: =(($AJ$29)/(SQRT(AE93)*SQRT((2/$B$32)*(1/$AD$29))))+($AD$30/$AD$29) -> 0.14600637 | AE93: 6000 | AF93: =(($AJ$29)/(SQRT(AG93)*SQRT((2/$B$32)*(1/$AF$29))))+($AF$30/$AF$29) -> 0.14791829 | AG93: 6000 | AH93: =(($AJ$29)/(SQRT(AI93)*SQRT((2/$B$32)*(1/$AH$29))))+($AH$30/$AH$29) -> 0.15031482 | AI93: 6000 | AO93: =(($AO$30)+2*SQRT(($N$7)/(PI()*$AO$28*$J$7)))*2 -> 0.12226379 | AP93: 5900 | AQ93: =(($AO$30)+2*SQRT(($N$7)/(PI()*$AQ$28*$J$7)))*2 -> 0.11242997 | AR93: 5900 | AS93: =(($AO$30)+2*SQRT(($N$7)/(PI()*$AS$28*$J$7)))*2 -> 0.10568995 | AT93: 5900 | AY93: =(($M$7*0.5*$B$32*$E$31^2)/(AZ93))+AZ93*($AY$30^2/(PI()*$AY$28*$I$7*0.5*$B$32*$E$31^2)) -> 0.093841445 | AZ93: 5900 | BA93: =(($M$7*0.5*$B$32*$E$31^2)/(BB93))+BB93*(($AY$30^2)/(PI()*$BA$28*$I$7*0.5*$B$32*$E$31^2)) -> 0.080549845 | BB93: 5900 | BC93: =(($M$7*0.5*$B$32*$E$31^2)/(BD93))+BD93*(($AY$30^2)/(PI()*$BC$28*$I$7*0.5*$B$32*$E$31^2)) -> 0.072528368 | BD93: 5900
AO94: =(($AO$30)+2*SQRT(($N$7)/(PI()*$AO$28*$J$7)))*2 -> 0.12226379 | AP94: 6000 | AQ94: =(($AO$30)+2*SQRT(($N$7)/(PI()*$AQ$28*$J$7)))*2 -> 0.11242997 | AR94: 6000 | AS94: =(($AO$30)+2*SQRT(($N$7)/(PI()*$AS$28*$J$7)))*2 -> 0.10568995 | AT94: 6000 | AY94: =(($M$7*0.5*$B$32*$E$31^2)/(AZ94))+AZ94*($AY$30^2/(PI()*$AY$28*$I$7*0.5*$B$32*$E$31^2)) -> 0.094084372 | AZ94: 6000 | BA94: =(($M$7*0.5*$B$32*$E$31^2)/(BB94))+BB94*(($AY$30^2)/(PI()*$BA$28*$I$7*0.5*$B$32*$E$31^2)) -> 0.08056749 | BB94: 6000 | BC94: =(($M$7*0.5*$B$32*$E$31^2)/(BD94))+BD94*(($AY$30^2)/(PI()*$BC$28*$I$7*0.5*$B$32*$E$31^2)) -> 0.072410057 | BD94: 6000
AC96: Design point | AD96: =(($AJ$29)/(SQRT(AE96)*SQRT((2/$B$32)*(1/$AD$29))))+($AD$30/$AD$29) -> 0.21128369 | AE96: =I17 -> 2250

Sheet Fuselage
A1: Cross-Section
A2: Name | B2: Sign | C2: Value | D2: Unit | E2: Note | G2: Name | H2: Sign | I2: Value | J2: Unit | K2: Note | O2: NOTE
A3: Number of pax | B3: npax | C3: 150 | D3: - | E3: Req. | H3: df,inner | I3: =4129.158/1000 -> 4.129158 | J3: m | K3: Drawing | L3: For now, I'll guess | O3: Green | P3: Input value
A4: Number of seat abreast per row | B4: nsa | C4: =ROUND(0.45*SQRT($C$3),0) -> 6 | D4: - | E4: - | H4: df,outer | I4: =1.045*$I$3+0.084 -> 4.3989701 | J4: m | K4: - | O4: Yellow | P4: Calculation
A5: Left seat nbr | B5: Left nsa | C5: =ROUND(C4/2,0) -> 3 | D5: - | E5: - | H5: ltailcone | I5: =$C$18*$I$4 -> 14.956498 | J5: m | K5: -
A6: Right seat nbr | B6: Right nsa | C6: =C4-C5 -> 3 | D6: - | E6: - | H6: lnosecone | I6: =$I$4*$C$19 -> 7.9181462 | J6: m | K6: -
A7: Nbr of aisle | B7: naisles | C7: =IF(C4<=6,1,2) -> 1 | D7: - | E7: - | H7: ltail | I7: =C20*I4 -> 7.0383522 | J7: m | K7: -
A8: Correction value | B8: kcabin | C8: 1.08 | D8: - | E8: Estimate | H8: lfuselage | I8: =C9+C17+I7 -> 38.038352 | J8: m | K8: - | N8: Note | O8: Most values are pure guess
A9: Length of full cabin | B9: lcabin | C9: =($C$3/C4)*$C$8 -> 27 | D9: m | E9: - | H9: tfuselage | I9: =(I4-I3)/2 -> 0.13490605 | J9: m | K9: -
A10: Seat pitch | B10: ls | C10: =0.86 -> 0.86 | D10: m | E10: CS25 | H10: wcabin | I10: =C4*C14+(C4+C7+1)*C15+(C7*C13)+2*C16 -> 4.0044 | J10: m | K10: -
A11: Length of passenger cabin | B11: lpax | C11: =C10/C8*C9 -> 21.5 | D11: m | E11: - | H11: wheadroom | I11: =I10-2*(C15+C16)-C14 -> 3.3548 | J11: m | K11: - | P11: Incorrect!
H12: R | I12: =I3/2 -> 2.064579 | J12: m | K12: - | P12: Aero - Transonic
A13: Width of aisle | B13: waisle | C13: 0.51 | D13: m | E13: CS25 | H13: P | I13: =I12-I15-C21 -> 1.039579 | K13: - | P13: Name | Q13: Sign | R13: Value | S13: Unit | T13: Note | U13: Note 2
A14: Width of seat | B14: wseat | C14: 0.508 | D14: m | E14: CS25 | H14: φ | I14: =DEGREES(2*ACOS(1-(I13/I12))) -> 120.46664 | J14: deg | K14: - | Q14: Cdfus | R14: =R15+R24 -> 0.004333645
A15: Width of armrest | B15: warmrest | C15: 0.0508 | D15: m | E15: CS25 | H15: hcentre | I15: =0.825 -> 0.825 | J15: m | K15: - | Q15: CD0fus | R15: =R16*(R17+R21)+R22+R23*R32/R20 -> 0.0043316631
A16: Width of clearance | B16: sclearance | C16: 0.02 | D16: m | E16: Guess | H16: ACC | I16: =0.8*0.5*(I12)^2*(RADIANS(I14)-SIN(RADIANS(I14))) -> 2.1152417 | K16: - | Q16: Rwf | R16: 0.98
A17: Legnth of cockpit | B17: lcockpit | C17: 4 | D17: m | E17: Guess | H17: VCC | I17: =C9*I16*I18 -> 25.700186 | K17: - | Q17: CDffus | R17: =R30*R19/R20 -> 0.0039572731 | T17: M=0.6 | U17: Done
A18: Ratio | B18: ltailcone / df,outer | C18: 3.4 | D18: - | E18: Torenbeek | H18: kCC | I18: 0.45 | K18: - | Q18: Cffus | R18: 0.0024 | T18: M=0.8 | U18: Done
A19: Ratio | B19: lnosecone / df,outer | C19: 1.8 | D19: - | E19: Kroo | H19: VOS | I19: =(2*I22+I20*I21)*C9*I23 -> 7.992 | K19: - | Q19: Swetfus | R19: =(PI()*I4/4)*(1/(3*I6^2)*((4*I6^2+I4^2/4)^1.5-I4^3/8)-I4+4*C9+2*SQRT(I5^2+I4^2/4)) -> 537.27177 | U19: ?
A20: Ratio | B20: ltail / df,outer | C20: 1.6 | D20: - | E20: Roskam | H20: nOS | I20: 0 | K20: - | Q20: S | R20: ='Wing Design'!E8 -> 352.99727 | U20: Done
A21: Height of floor | B21: hfloor | C21: 0.2 | D21: m | E21: ? | H21: AOS,ce | I21: 0.24 | K21: - | Q21: CDpfus | R21: =R30*(60/(I8/I4)^3+0.0025*(I8/I4))*(R19/R20) -> 0.0004527749 | U21: Done
A22: Height of shoulder | B22: hshoulder | C22: 0.9 | D22: m | E22: ? | H22: AOS,lat | I22: 0.2 | K22: - | Q22: CDbfus | R22: =R35*1.1*(R33/I4)^2 -> 9.8161098e-06 | U22: Done
A23: Height of aisle | B23: haisle | C23: 1.9 | D23: m | E23: ? | H23: kOS | I23: 0.74 | K23: - | Q23: Cdwavefus | R23: 0 | T23: M=0.8 no wave | U23: Done
A24: Height of headroom | B24: hheadroom | C24: 1.6 | D24: m | E24: ? | H24: mluggage | I24: 5 | J24: kg | K24: Estimate | Q24: CDLfus | R24: =R25^2*R26/R20 -> 1.9818259e-06
H25: mluggage total | I25: =I24*C3 -> 750 | J25: kg | K25: - | Q25: alpha | R25: =RADIANS(3) -> 0.052359878
H26: density luggage | I26: 170 | J26: kg/m3 | K26: Estimate | Q26: Sbasefus | R26: =R33^2*PI()/4 -> 0.25517586
H27: Vluggage | I27: =I25/I26 -> 4.4117647 | J27: m3 | K27: - | Q27: Re fus | R27: =('TW and WS'!E29*'TW and WS'!E31*Fuselage!I8)/(1.5005*10^-5) -> 2.1862682e+08 | T27: Cruise | U27: Done
H28: mcargo | I28: 20 | J28: kg | K28: Estimate | Q28: Re fus | R28: =(181.051*'TW and WS'!E29*Fuselage!I8)/(1.5005*10^-5) -> 1.6761352e+08 | T28: M=0.6 | U28: Done
H29: mcargo total | I29: =I28*C3 -> 3000 | J29: kg | K29: -
H30: density cargo | I30: 160 | J30: kg/m3 | K30: - | Q30: Cffus | R30: 0.0026 | T30: M=0.6 | U30: Done
H31: Vcargo | I31: =I29/I30 -> 18.75 | J31: m3 | K31: - | Q31: CDbfus | R31: =(0.029*(R33/I4)^3/(R34*(R20/R32))^0.5)*(R32/R20) -> 8.9237362e-06 | T31: Basic / sub-sonic | U31: Done
Q32: Sfus | R32: =(I4/2)^2*PI() -> 15.198191 | U32: Done
G33: Cargo enough? | I33: =IF(I31<I17,"Yes","No") -> Yes | Q33: db | R33: 0.57 | S33: m | U33: Done
Q34: CD0 fus-bas | R34: =R16*R18*(1+60/(I8/I4)^3+0.0025*(I8/I4))*R19/R20 -> 0.0039893973 | U34: Done
Q35: CDb fus / (db/df)^2 | R35: =R31/(R33/I4)^2 -> 0.00053149482 | U35: Done

Sheet Wing Design
B2: Pressure [Pa] | C2: Dynamic Pressure [Pa] | E2: cos Λ c/4 | F2: Λ c/4 [rad]/[deg] | G2: λ | H2: Γ [deg] | I2: Cr [m] | J2: Ct [m] | K2: tan Λ c/2 [rad] | L2: Λ c/2 [rad] | M2: MAC [m] | N2: yMAC [m] | T2: =I8*17.5+(12.5-I8*6.3) -> 20.270829 | W2: XFLR5 With_fuselage_1_working_test
B3: ='TW and WS'!E26 -> 22730.294 | C3: =0.5*1.4*B3*'TW and WS'!C15^2 -> 10183.172 | E3: =0.75*B15/B16 -> 0.84487952 | F3: =ACOS(E3) -> 0.56445642 | G3: =0.2*(2-F4*PI()/180) -> 0.28710872 | H3: =3-ROUND(F4/10,0)+2 -> 2 | I3: =2*E8/((1+G3)*G8) -> 9.6606879 | J3: =I3*G3 -> 2.7736677 | K3: =TAN(F3)-1/F8*(1-G3)/(1+G3) -> 0.5725261 | L3: =ATAN(K3) -> 0.51997309 | M3: =I3*(2/3)*(1+G3+G3^2)/(1+G3) -> 6.8529304 | N3: =G8/2*(I3-M3)/(I3-J3) -> 11.573809 | Q3: =(I3+Q4)/2*5.3 -> 47.151509 | W3: Total area | X3: 519.011
F4: =DEGREES(F3) -> 32.34097 | Q4: =I3-((I3-J3)/H8*6.3) -> 8.1323343 | S4: 5.778 | T4: 2.231 | W4: BDY | X4: 118.6668
S5: 9 | T5: =(T4/S4)*S5 -> 3.4750779 | W5: BLD | X5: 37.4
W6: BDY + BLD | X6: =X4+X5 -> 156.0668
B7: T/W | C7: ='TW and WS'!I16 -> 0.215 | E7: S [m2] | F7: AR | G7: b [m] | H7: b/2 [m] | I7: tan Λ LE [rad] | J7: Λ LE [rad] | K7: Λ LE [deg] | L7: tan Λ TE [rad] | M7: Λ TE [rad] | N7: Λ TE [deg] | W7: WNG OUTBD | X7: =X3-X6 -> 362.9442
B8: W/S | C8: ='TW and WS'!I17 -> 2250 | E8: =C9/C8 -> 352.99727 | F8: ='TW and WS'!C7 -> 9.1323969 | G8: =SQRT(E8*F8) -> 56.777735 | H8: =G8/2 -> 28.388867 | I8: =$K$3-(4/$F$8)*(((0-0.5)*(1-$G$3))/(1+$G$3)) -> 0.693824 | J8: =ATAN(I8) -> 0.60656896 | K8: =DEGREES(J8) -> 34.753842 | L8: =$K$3-(4/$F$8)*(((0-0.5)*(1-$G$3))/(1+$G$3)) -> 0.693824 | M8: =ATAN(L8) -> 0.60656896 | N8: =DEGREES(M8) -> 34.753842 | W8: WNG OVRLAP | X8: =66.7851 -> 66.7851
B9: MTOW | C9: ='Class 1 Weight est.'!M17 -> 794243.86 | I9: =I8*H8 -> 19.696878 | W9: WNG REF | X9: 318.604
B10: V_S | C10: {=SQRT((C8*2)/('TW and WS'!B32*'TW and WS'!A7:B7))} -> 46.0148 | D10: #DIV/0!
E11: CL cruise | F11: t/c | G11: Cl,des | H11: Cl,des,0 | J11: CLα
E12: =C9/(C3*E8) -> 0.22095277 | F12: =MIN((COS(L3))^3*(B15-B16*COS(L3)-0.115*E12^1.5)/(COS(L3)^2),0.18) -> 0.17595744 | G12: =(1.1/('TW and WS'!E29*('TW and WS'!E31*COS('Wing Design'!J8))^2))*('TW and WS'!U18+'TW and WS'!U19) -> 0.33670688 | H12: =G12*SQRT(1-'TW and WS'!C15^2) -> 0.20202413 | J12: =(2*PI()*F8)/(2+SQRT(4+((F8*B18/0.95)^2)*(1+(K3^2/B18^2)))) -> 5.6148549 | K12: 1/rad
J13: =J12*PI()/180 -> 0.097997705 | K13: 1/deg
A14: Constant values
A15: M+ | B15: 0.935
A16: Mdd | B16: ='TW and WS'!C15+0.03 -> 0.83 | T16: for R | U16: R
A17: M | B17: 0.8 | T17: =(F8*G3)/(COS(J8)) -> 3.1912888 | U17: 0.94
A18: β | B18: =SQRT(1-$B$17^2) -> 0.6 | D18: t/c | E18: α0 | F18: α trim | G18: Clmax | H18: Dy | I18: CL/cl | J18: CLmax | K18: d_alfa-stall | L18: a_stall | M18: S_wet_fus | N18: S_wet_wing | O18: S_wet_nac | P18: C_D0 | Q18: A_eff | R18: e | S18: e_2 | T18: e_3
A19: α0 | B19: 63 | C19: yellow | D19: 0.15 | E19: -1.69 | F19: =$E$12/$J$13 + E19 -> 0.56467295 | G19: 1.7 | H19: =1.47 -> 1.47 | I19: 1.05 | J19: =I19*G19 -> 1.785 | K19: 5.5 | L19: =J19/$J$13+E19+K19 -> 22.024712 | M19: 452.63 | N19: =$E$8*2 -> 705.99454 | O19: =2*PI()*1.35*5.1*2 -> 86.519462 | P19: =(0.003*N19+0.0024*M19+O19*0.006)/$E$8 -> 0.010547992 | Q19: =$F$8+(1.9*(2.5/$E$8))*7 -> 9.2265902 | R19: =4.61*(1-0.045*$Q$19^0.68)*(COS($J$8)^0.15)-3.1 -> 0.46338158 | S19: =1/((1+0.12*0.8^2)*(1+(0.142*0.005*(1+1.5*($G$3-0.6)^2)*Q19*(10*D19)^0.33))/(COS($F$3))^2+(0.1*(21+1)/(4+Q19)^0.8)) -> 0.55548208 | T19: =(1.1*$J$12/Q19)/(($U$17*$J$12/Q19)+(1-$U$17)*PI()) -> 0.8801798
B20: 63 | C20: white | D20: 0.1 | E20: -1.55 | F20: =$E$12/$J$13 + E20 -> 0.70467295 | G20: 1.8 | H20: =22/10 -> 2.2 | I20: 0.85 | J20: =I20*G20 -> 1.53 | K20: 5 | L20: =J20/$J$13+E20+K20 -> 19.062611 | M20: 452.63 | N20: =$E$8*2 -> 705.99454 | O20: =2*PI()*1.35*5.1*2 -> 86.519462 | P20: =(0.003*N20+0.0024*M20+O20*0.006)/$E$8 -> 0.010547992 | Q20: =$F$8+(1.9*(2.5/$E$8))*7 -> 9.2265902 | R20: =4.61*(1-0.045*$Q$19^0.68)*(COS($J$8)^0.15)-3.1 -> 0.46338158 | S20: =1/((1+0.12*0.8^2)*(1+(0.142*0.005*(1+1.5*($G$3-0.6)^2)*Q20*(10*D20)^0.33))/(COS($F$3))^2+(0.1*(21+1)/(4+Q20)^0.8)) -> 0.55598319 | T20: =(1.1*$J$12/Q20)/(($U$17*$J$12/Q20)+(1-$U$17)*PI()) -> 0.8801798
A21: α0 | B21: 63 | C21: red | D21: 0.1 | E21: -1.54 | F21: =$E$12/$J$13 + E21 -> 0.71467295 | G21: 1.75 | H21: 2.13 | I21: 0.87 | J21: =I21*G21 -> 1.5225 | K21: 5 | L21: =J21/$J$13+E21+K21 -> 18.996078 | M21: 452.63 | N21: =$E$8*2 -> 705.99454 | O21: =2*PI()*1.35*5.1*2 -> 86.519462 | P21: =(0.003*N21+0.0024*M21+O21*0.006)/$E$8 -> 0.010547992 | Q21: =$F$8+(1.9*(2.5/$E$8))*7 -> 9.2265902 | R21: =4.61*(1-0.045*$Q$19^0.68)*(COS($J$8)^0.15)-3.1 -> 0.46338158 | S21: =1/((1+0.12*0.8^2)*(1+(0.142*0.005*(1+1.5*($G$3-0.6)^2)*Q21*(10*D21)^0.33))/(COS($F$3))^2+(0.1*(21+1)/(4+Q21)^0.8)) -> 0.55598319 | T21: =(1.1*$J$12/Q21)/(($U$17*$J$12/Q21)+(1-$U$17)*PI()) -> 0.8801798
A22: α0 | B22: 63 | C22: grey | D22: 0.1 | E22: -1.5 | F22: =$E$12/$J$13 + E22 -> 0.75467295 | G22: 1.5 | H22: =19.3/10 -> 1.93 | I22: 0.92 | J22: =I22*G22 -> 1.38 | K22: 5 | L22: =J22/$J$13+E22+K22 -> 17.581962 | M22: 452.63 | N22: =$E$8*2 -> 705.99454 | O22: =2*PI()*1.35*5.1*2 -> 86.519462 | P22: =(0.003*N22+0.0024*M22+O22*0.006)/$E$8 -> 0.010547992 | Q22: =$F$8+(1.9*(2.5/$E$8))*7 -> 9.2265902 | R22: =4.61*(1-0.045*$Q$19^0.68)*(COS($J$8)^0.15)-3.1 -> 0.46338158 | S22: =1/((1+0.12*0.8^2)*(1+(0.142*0.005*(1+1.5*($G$3-0.6)^2)*Q22*(10*D22)^0.33))/(COS($F$3))^2+(0.1*(21+1)/(4+Q22)^0.8)) -> 0.55598319 | T22: =(1.1*$J$12/Q22)/(($U$17*$J$12/Q22)+(1-$U$17)*PI()) -> 0.8801798
A23: α0 | B23: 64 | C23: dark blue | D23: 0.1 | E23: -1.49 | F23: =$E$12/$J$13 + E23 -> 0.76467295 | G23: 1.65 | H23: 2.13 | I23: 0.87 | J23: =I23*G23 -> 1.4355 | K23: 5 | L23: =J23/$J$13+E23+K23 -> 18.158302 | M23: 452.63 | N23: =$E$8*2 -> 705.99454 | O23: =2*PI()*1.35*5.1*2 -> 86.519462 | P23: =(0.003*N23+0.0024*M23+O23*0.006)/$E$8 -> 0.010547992 | Q23: =$F$8+(1.9*(2.5/$E$8))*7 -> 9.2265902 | R23: =4.61*(1-0.045*$Q$19^0.68)*(COS($J$8)^0.15)-3.1 -> 0.46338158 | S23: =1/((1+0.12*0.8^2)*(1+(0.142*0.005*(1+1.5*($G$3-0.6)^2)*Q23*(10*D23)^0.33))/(COS($F$3))^2+(0.1*(21+1)/(4+Q23)^0.8)) -> 0.55598319 | T23: =(1.1*$J$12/Q23)/(($U$17*$J$12/Q23)+(1-$U$17)*PI()) -> 0.8801798
A24: α0 | B24: 64 | C24: pink | D24: 0.12 | E24: -1.48 | F24: =$E$12/$J$13 + E24 -> 0.77467295 | G24: 1.6 | H24: =21.3/12 -> 1.775 | I24: 0.97 | J24: =I24*G24 -> 1.552 | K24: 5.25 | L24: =J24/$J$13+E24+K24 -> 19.607106 | M24: 452.63 | N24: =$E$8*2 -> 705.99454 | O24: =2*PI()*1.35*5.1*2 -> 86.519462 | P24: =(0.003*N24+0.0024*M24+O24*0.006)/$E$8 -> 0.010547992 | Q24: =$F$8+(1.9*(2.5/$E$8))*7 -> 9.2265902 | R24: =4.61*(1-0.045*$Q$19^0.68)*(COS($J$8)^0.15)-3.1 -> 0.46338158 | S24: =1/((1+0.12*0.8^2)*(1+(0.142*0.005*(1+1.5*($G$3-0.6)^2)*Q24*(10*D24)^0.33))/(COS($F$3))^2+(0.1*(21+1)/(4+Q24)^0.8)) -> 0.55576602 | T24: =(1.1*$J$12/Q24)/(($U$17*$J$12/Q24)+(1-$U$17)*PI()) -> 0.8801798
A25: α0 | B25: 64 | C25: lime | D25: 0.12 | E25: -1.48 | F25: =$E$12/$J$13 + E25 -> 0.77467295 | G25: 1.65 | H25: =1.83 -> 1.83 | I25: 0.97 | J25: =I25*G25 -> 1.6005 | K25: 5.25 | L25: =J25/$J$13+E25+K25 -> 20.102015 | M25: 452.63 | N25: =$E$8*2 -> 705.99454 | O25: =2*PI()*1.35*5.1*2 -> 86.519462 | P25: =(0.003*N25+0.0024*M25+O25*0.006)/$E$8 -> 0.010547992 | Q25: =$F$8+(1.9*(2.5/$E$8))*7 -> 9.2265902 | R25: =4.61*(1-0.045*$Q$19^0.68)*(COS($J$8)^0.15)-3.1 -> 0.46338158 | S25: =1/((1+0.12*0.8^2)*(1+(0.142*0.005*(1+1.5*($G$3-0.6)^2)*Q25*(10*D25)^0.33))/(COS($F$3))^2+(0.1*(21+1)/(4+Q25)^0.8)) -> 0.55576602 | T25: =(1.1*$J$12/Q25)/(($U$17*$J$12/Q25)+(1-$U$17)*PI()) -> 0.8801798
A26: α0 | B26: 65 | C26: light blue | D26: 0.15 | E26: -1.28 | F26: =$E$12/$J$13 + E26 -> 0.97467295 | G26: 1.6 | H26: 1.47 | I26: 1.05 | J26: =I26*G26 -> 1.68 | K26: 5.5 | L26: =J26/$J$13+E26+K26 -> 21.363259 | M26: 452.63 | N26: =$E$8*2 -> 705.99454 | O26: =2*PI()*1.35*5.1*2 -> 86.519462 | P26: =(0.003*N26+0.0024*M26+O26*0.006)/$E$8 -> 0.010547992 | Q26: =$F$8+(1.9*(2.5/$E$8))*7 -> 9.2265902 | R26: =4.61*(1-0.045*$Q$19^0.68)*(COS($J$8)^0.15)-3.1 -> 0.46338158 | S26: =1/((1+0.12*0.8^2)*(1+(0.142*0.005*(1+1.5*($G$3-0.6)^2)*Q26*(10*D26)^0.33))/(COS($F$3))^2+(0.1*(21+1)/(4+Q26)^0.8)) -> 0.55548208 | T26: =(1.1*$J$12/Q26)/(($U$17*$J$12/Q26)+(1-$U$17)*PI()) -> 0.8801798
E31: =0.5*(4*TAN(J8)+8*(J3-I3)/G8)*5.3+5.3*I3-0.5*TAN(J8)*5.3^2 -> 46.239906

Sheet Oswald
B1: Option 1 | H1: Option 2 | O1: Option 3
I10: =1/((1+0.12*'Class 1 Weight est.'!J37^2)*(1+((0.142+(0.005*(1+1.5*('Wing Design'!G3-0.6)^2))*'Wing Design'!Q19*(10*'Wing Design'!F12)^0.33)/(COS('Wing Design'!F3)^2))+((0.1*(3*7+1))/((4+'Wing Design'!Q19)^0.8)))) -> 0.59263781
C14: =4.61*(1-0.045*'Wing Design'!Q19^0.68)*(COS('Wing Design'!J8))^0.15-3.1 -> 0.46338158
P17: =(1.1*('[3]Roll Control CRUISE'!B3/'[3]Wing Design'!F6))/((0.957)*('[3]Roll Control CRUISE'!B3/'[3]Wing Design'!F6)+(1-(0.957))*PI()) -> 0.94516399

Sheet Drag
A1: DATA
A3: Wing | E3: TE HLD | I3: Atmosphere | R3: TOTAL DRAG
A4: Name | B4: Value | C4: Unit | E4: Name | F4: Value | G4: Unit | I4: Name | J4: Value | K4: Unit | R4: SUMS | T4: Misc drag | V4: CD0
A5: S | B5: ='[3]Wing Design'!E6 -> 124.75667 | C5: m2 | E5: Swf | F5: 64 | G5: m2 | I5: ρ | J5: ='[3]TW and WS '!E29 -> 0.26107434 | K5: kg/m3 | R5: Wing | S5: =F35 -> 0.73346044 | T5: =M60 -> 0.00090400237 | V5: =(1/B5)*(SUM(S5:S10))+T5 -> 0.012762906
A6: A | B6: ='[3]Wing Design'!F6 -> 10 | C6: - | E6: Single flap width | F6: 7,66 | G6: m | I6: μ | J6: =1.3789*10^-5 -> 1.3789e-05 | K6: kg/m*s | R6: Pylon | S6: =M37 -> 0.011241025
A7: b | B7: ='[3]Wing Design'!G6 -> 35.32091 | C7: m | E7: Single flap chord | F7: 0.3*c | G7: m | I7: Vcr | J7: ='[3]TW and WS '!E31 -> 250.81131 | K7: m/s | R7: Horizontal tail | S7: =F50 -> 0.11037934
A8: Λc/4 | B8: =DEGREES('[3]Wing Design'!F3) -> 37.167285 | C8: deg | I8: Mach | J8: 0.85 | K8: - | R8: Fuselage | S8: =M52 -> 0.31748837
A9: λ | B9: ='[3]Wing Design'!G3 -> 0.39773564 | C9: - | E9: Propulsion | R9: Vertical tail | S9: =F65 -> 0.18847455
A10: Γ | B10: 2 | C10: deg | E10: Name | F10: Value | G10: Unit | I10: LE HLD | R10: Nacelle | S10: =F80 -> 0.11843359
A11: cr | B11: ='[3]Wing Design'!I3 -> 5.0540186 | C11: m | E11: Mass | F11: 3360 | G11: kg | I11: Name | J11: Value | K11: Unit
A12: ct | B12: ='[3]Wing Design'!J3 -> 2.0101633 | C12: m | E12: cj | F12: =0.0000182 -> 1.82e-05 | G12: kg/N*s | I12: Swf | J12: 87.56 | K12: m2
A13: MAC | B13: ='[3]Wing Design'!M3 -> 3.7506833 | C13: m | I13: Single slot width | J13: 11.02 | K13: m
A14: yMAC | B14: ='[3]Wing Design'!N3 -> 7.5619544 | C14: m | E14: Aileron | I14: single slot chord | J14: N/A | K14: m
A15: (t/c)max | B15: ='[3]Wing Design'!F10 -> 0.1483466 | C15: - | E15: Name | F15: Value | G15: Unit
A16: (t/c)average | B16: 0.091812621 | C16: - | E16: b1 | F16: ='[3]Roll Control CRUISE'!B14 -> 16 | G16: m
A17: Vtank | B17: 26.271738 | C17: m3 | E17: b2 | F17: ='[3]Roll Control CRUISE'!B13 -> 17.307246 | G17: m
E18: Cc | F18: ='[3]Roll Control CRUISE'!B17 -> 0.7 | G18: m
E19: δaup | F19: ='[3]Roll Control CRUISE'!B9 -> 26 | G19: deg
E20: δadown | F20: ='[3]Roll Control CRUISE'!B10 -> 26 | G20: deg
A22: CALCULATIONS
A24: Wing | H24: Pylon
A25: Name | B25: Value | C25: Unit | E25: Name | F25: Total | H25: Name | I25: Value | J25: Unit | L25: Name | M25: Total
A26: Cf TOTAL | B26: =(B29/100)*B27+((100-B29)/100)*B28 -> 0.0017820179 | C26: - | E26: Cf TOTAL | F26: =B26 -> 0.0017820179 | H26: Cf TOTAL | I26: =(I29/100)*I27+((100-I29)/100)*I28 -> 0.0018807461 | J26: - | L26: Cf TOTAL | M26: =I26 -> 0.0018807461
A27: Cf laminar | B27: =(1.328)/(SQRT(B32)) -> 0.00031466875 | C27: - | H27: Cf laminar | I27: =(1.328)/(SQRT(I32)) -> 0.00036604107 | J27: -
A28: Cf turbulent | B28: =(0.455)/((LOG10(B32))^2.58*(1+0.144*$J$8^2)^0.65) -> 0.002572129 | C28: - | E28: FF | F28: =(1+(0.6/B34)*(B15)+100*(B15)^4)*(1.34*$J$8^0.18*(COS(RADIANS(B35)))^0.28) -> 1.5860001 | H28: Cf turbulent | I28: =(0.455)/((LOG10(I32))^2.58*(1+0.144*$J$8^2)^0.65) -> 0.0026963565 | J28: - | L28: FF | M28: =(1+(0.6/I34)*(I37)+100*(I37)^4)*(1.34*$J$8^0.18*(COS(RADIANS(I35)))^0.28) -> 1.4439739
A29: Transition | B29: 35 | C29: % | H29: Transition | I29: 35 | J29: %
A30: RE actual | B30: =(($J$5*B13*$J$7)/($J$6)) -> 17811026 | C30: - | E30: IF | F30: 1.1 | H30: RE actual | I30: =(($J$5*I36*$J$7)/($J$6)) -> 13162443 | J30: - | L30: IF | M30: 1.04
A31: RE cut-off | B31: =44.62*(B13/$B$33)^1.053*$J$8^1.16 -> 44217458 | C31: - | H31: RE cut-off | I31: =44.62*(I36/I33)^1.053*$J$8^1.16 -> 32157307 | J31: -
A32: RE (min) | B32: =MIN(B30:B31) -> 17811026 | C32: - | E32: Swet | F32: =220.488*1.07 -> 235.92216 | H32: RE (min) | I32: =MIN(I30:I31) -> 13162443 | J32: - | L32: Swet | M32: 1.99
A33: k | B33: =0.634*10^-5 -> 6.34e-06 | C33: m | H33: k | I33: =0.634*10^-5 -> 6.34e-06 | J33: m
A34: (x/c) chord | B34: 0.3604 | C34: - | H34: (x/c) chord | I34: 0.4 | J34: -
A35: Λ36.04 | B35: =DEGREES(ATAN('[3]Wing Design'!I6-(4/'[3]Wing Design'!F6)*([3]DRAG!B34-0)*((1-'[3]Wing Design'!G3)/(1+'[3]Wing Design'!G3)))) -> 36.46862 | C35: deg | E35: TOTAL | F35: =PRODUCT(F26:F34) -> 0.73346044 | H35: Λm | I35: 0 | J35: deg
H36: MACpylon | I36: =0.75*B78 -> 2.771775
A37: Horizontal Tail | H37: t/c | I37: =[3]Airfoils!J5 -> 0.071328541 | L37: TOTAL | M37: =PRODUCT(M26:M35)*2 -> 0.011241025
A38: Name | B38: Value | C38: Unit | E38: Name | F38: Total
A39: Cf TOTAL | B39: =(B42/100)*B40+((100-B42)/100)*B41 -> 0.0019583403 | C39: - | E39: Cf TOTAL | F39: =B39 -> 0.0019583403 | H39: Fuselage
A40: Cf laminar | B40: =(1.328)/(SQRT(B45)) -> 0.00040890055 | C40: - | H40: Name | I40: Value | J40: Unit | L40: Name | M40: Total
A41: Cf turbulent | B41: =(0.455)/((LOG10(B45))^2.58*(1+0.144*$J$8^2)^0.65) -> 0.0027926541 | C41: - | E41: FF | F41: =(1+(0.6/B47)*(B50)+100*(B50)^4)*(1.34*$J$8^0.18*(COS(RADIANS(B48)))^0.28) -> 1.3837835 | H41: Cf TOTAL | I41: =(I44/100)*I42+((100-I44)/100)*I43 -> 0.0017696541 | J41: - | L41: Cf TOTAL | M41: =I41 -> 0.0017696541
A42: Transition | B42: 35 | C42: % | H42: Cf laminar | I42: =(1.328)/(SQRT(I47)) -> 0.00012280631 | J42: -
A43: RE actual | B43: =($J$7*$J$5*B49)/($J$6) -> 10547772 | C43: - | E43: IF | F43: 1.04 | H43: Cf turbulent | I43: =(0.455)/((LOG10(I47))^2.58*(1+0.144*$J$8^2)^0.65) -> 0.0019526372 | J43: - | L43: FF | M43: =(1+((60)/(I49^3))+(I49/400)) -> 1.1084823
A44: RE cut-off | B44: =44.62*(B49/$B$46)^1.053*$J$8^1.16 -> 25468690 | C44: - | H44: Transition | I44: 10 | J44: %
A45: RE (min) | B45: =MIN(B43:B44) -> 10547772 | C45: - | E45: Swet | F45: =1.05*2*18.65 -> 39.165 | H45: RE actual | I45: =(J5*J7*[3]Fuselage!E8)/([3]DRAG!J6) -> 1.1693776e+08 | J45: - | L45: IF | M45: 1
A46: k | B46: =0.634*10^-5 -> 6.34e-06 | C46: m | H46: RE cut-off | I46: =44.62*([3]Fuselage!E8/$I$48)^1.053*$J$8^1.16 -> 3.2075594e+08 | J46: -
A47: (x/c)m | B47: 0.4 | C47: - | H47: RE (min) | I47: =MIN(I45:I46) -> 1.1693776e+08 | J47: - | L47: Swet | M47: =((PI()*[3]Fuselage!E4)/(4))*((1/(3*[3]DRAG!I50^2))*((4*([3]DRAG!I50^2)+(([3]Fuselage!E4^2)/4))^1.5-(([3]Fuselage!E4^3)/8))-[3]Fuselage!E4+4*[3]DRAG!I51+2*SQRT([3]DRAG!I52^2+([3]Fuselage!E4^2/4))) -> 161.84924
A48: Λm | B48: =[3]WP3!J103 -> 30.802862 | C48: deg | H48: k | I48: =0.634*10^-5 -> 6.34e-06 | J48: m
A49: MAC | B49: =[3]WP3!J104 -> 2.2211721 | C49: m | H49: f | I49: =[3]Fuselage!E8/[3]Fuselage!E4 -> 8.8575951 | J49: -
A50: (t/c)avg | B50: =[3]Airfoils!J5 -> 0.071328541 | C50: - | E50: TOTAL | F50: =PRODUCT(F39:F49) -> 0.11037934 | H50: L1 | I50: =[3]Fuselage!E6 -> 4.17015 | J50: m
H51: L2 | I51: =[3]Fuselage!E8-[3]Fuselage!E6-[3]Fuselage!E5 -> 12.11455 | J51: m
A52: Vertical Tail | H52: L3 | I52: =[3]Fuselage!E5 -> 8.3403 | J52: m | L52: TOTAL | M52: =PRODUCT(M41:M51) -> 0.31748837
A53: Name | B53: Value | C53: Unit | E53: Name | F53: Total
A54: Cf TOTAL | B54: =(B57/100)*B55+((100-B57)/100)*B56 -> 0.0017498235 | C54: - | E54: Cf TOTAL | F54: =B54 -> 0.0017498235 | H54: Misc Drags
A55: Cf laminar | B55: =(1.328)/(SQRT(B60)) -> 0.00029870416 | C55: - | H55: Name | I55: Value | J55: Unit | L55: Name | M55: Total
A56: Cf turbulent | B56: =(0.455)/((LOG10(B60))^2.58*(1+0.144*$J$8^2)^0.65) -> 0.0025311955 | C56: - | E56: FF | F56: =(1+(0.6/B62)*(B65)+100*(B65)^4)*(1.34*$J$8^0.18*(COS(RADIANS(B63)))^0.28) -> 1.3837835 | H56: MDD | I56: 0.9314 | J56: - | L56: ΔCD Wave | M56: =I58 -> 0.00039447732
A57: Transition | B57: 35 | C57: % | H57: MCR | I57: =0.67 -> 0.67 | J57: -
A58: RE actual | B58: =($J$7*$J$5*B64)/($J$6) -> 19765764 | C58: - | E58: IF | F58: 1.04 | H58: ΔCD Wave | I58: =0.002*(1+2.5*((I56-J8)/(0.05)))^-1 -> 0.00039447732 | J58: - | L58: ΔCD Fuselage | M58: =I60/M47 -> 0.00050952505
A59: RE cut-off | B59: =44.62*(B64/$B$46)^1.053*$J$8^1.16 -> 49341841 | C59: - | H59: u (up-sweep) | I59: 0.1047 | J59: rad
A60: RE (min) | B60: =MIN(B58:B59) -> 19765764 | C60: - | E60: Swet | F60: =1.05*2*35.64 -> 74.844 | H60: D/q Fuselage | I60: =3.83*I59^2.5*PI()*([3]Fuselage!E4/2)^2 -> 0.08246624 | J60: m2 | L60: TOTAL | M60: =SUM(M56:M59) -> 0.00090400237
A61: k | B61: =0.634*10^-5 -> 6.34e-06 | C61: m
A62: (x/c)m | B62: 0.4 | C62: -
A63: Λm | B63: =[3]WP3!J95 -> 30.802862 | C63: deg
A64: MAC | B64: =[3]WP3!J96 -> 4.1623161 | C64: m
A65: (t/c)avg | B65: =[3]Airfoils!J5 -> 0.071328541 | C65: - | E65: TOTAL | F65: =PRODUCT(F54:F64) -> 0.18847455
A67: Nacelle
A68: Name | B68: Value | C68: Unit | E68: Name | F68: Total
A69: Cf TOTAL | B69: =(B72/100)*B70+((100-B72)/100)*B71 -> 0.0023519076 | C69: - | E69: Cf TOTAL | F69: =B69 -> 0.0023519076
A70: Cf laminar | B70: =(1.328)/(SQRT(B75)) -> 0.00031700087 | C70: -
A71: Cf turbulent | B71: =(0.455)/((LOG10(B75))^2.58*(1+0.144*$J$8^2)^0.65) -> 0.0025780083 | C71: - | E71: FF | F71: =1+(0.35/B77) -> 1.1371134
A72: Transition | B72: 10 | C72: %
A73: RE actual | B73: =($J$5*B78*$J$7)/($J$6) -> 17549924 | C73: - | E73: IF | F73: 1.3
A74: RE cut-off | B74: =44.62*(B78/B76)^1.053*($J$8)^1.16 -> 43535162 | C74: -
A75: RE (min) | B75: =MIN(B73:B74) -> 17549924 | C75: - | E75: Swet | F75: =PI()*B78*B80+PI()*((B80/2)^2-(B79/2)^2) -> 17.032465
A76: k | B76: =0.634*10^-5 -> 6.34e-06 | C76: m
A77: f | B77: =B78/B80 -> 2.5526316 | C77: -
A78: Length | B78: =3.6957 -> 3.6957 | C78: m
A79: Diameterin | B79: =1.3462 -> 1.3462 | C79: m
A80: Diameterout | B80: =1.4478 -> 1.4478 | C80: m | E80: TOTAL | F80: =PRODUCT(F69:F78)*2 -> 0.11843359

Sheet LOADING DIAGRAM TAKE 2
A1: n_max | B1: 2.5 | D1: V C EAS | E1: ='TW and WS'!$E$31*SQRT(B7/B6) -> 128.94024 | I1: V | J1: V/VS_EAS | K1: V/VSL_EAS | L1: nmax | M1: nmin | O1: n_V_B | P1: n_V_C | Q1: n_V_D | R1: n_V_D | S1: n_V_C | T1: n_V_B | V1: Plot points | W1: V | X1: N
A2: n_min | B2: -1 | D2: V D EAS | E2: =(0.85*B14)*SQRT(B7/B6) -> 136.99901 | F2: 0.05M rule | I2: 0 | J2: =(I2/$E$3)^2 -> 0 | K2: =(I2/$E$4)^2 -> 0 | L2: =$B$1 -> 2.5 | M2: =$B$2 -> -1 | N2: =(0.5*$B$6*I2^2*$B$3*-1)/$B$5 -> 0 | O2: =1+((0.5*$B$6*$B$21/$B$5)*$D$33*$B$28*$I2) -> 1 | P2: =1+((0.5*$B$6*$B$21/$B$5)*$E$33*$B$28*$I2) -> 1 | Q2: =1+((0.5*$B$6*$B$21/$B$5)*$F$33*$B$28*$I2) -> 1 | R2: =1-((0.5*$B$6*$B$21/$B$5)*$F$33*$B$28*$I2) -> 1 | S2: =1-((0.5*$B$6*$B$21/$B$5)*$E$33*$B$28*$I2) -> 1 | T2: =1-((0.5*$B$6*$B$21/$B$5)*$D$33*$B$28*$I2) -> 1 | W2: 0 | X2: 0
A3: Clmax_clean | B3: ='TW and WS'!$N20 -> 1.7349276 | D3: V S EAS | E3: ='TW and WS'!$S$5 -> 68.431501 | F3: TW WS S5 | I3: =I2+0.1 -> 0.1 | J3: =(I3/$E$3)^2 -> 2.1354424e-06 | K3: =(I3/$E$4)^2 -> 4.1764286e-06 | L3: =$B$1 -> 2.5 | M3: =$B$2 -> -1 | N3: =(0.5*$B$6*I3^2*$B$3*-1)/$B$5 -> -4.7228584e-06 | O3: =1+((0.5*$B$6*$B$21/$B$5)*$D$33*$B$28*$I3) -> 1.0010104 | P3: =1+((0.5*$B$6*$B$21/$B$5)*$E$33*$B$28*$I3) -> 1.0007293 | Q3: =1+((0.5*$B$6*$B$21/$B$5)*$F$33*$B$28*$I3) -> 1.0003646 | R3: =1-((0.5*$B$6*$B$21/$B$5)*$F$33*$B$28*$I3) -> 0.99963536 | S3: =1-((0.5*$B$6*$B$21/$B$5)*$E$33*$B$28*$I3) -> 0.99927072 | T3: =1-((0.5*$B$6*$B$21/$B$5)*$D$33*$B$28*$I3) -> 0.99898957 | W3: =$E$4 -> 48.932507 | X3: =$K$695 -> 2.0057256
A4: Clmax_flaps | B4: ='TW and WS'!$N$18 -> 1.5104301 | D4: V S L EAS | E4: ='TW and WS'!$S$4 -> 48.932507 | F4: TW WS S4 | I4: =I3+0.1 -> 0.2 | J4: =(I4/$E$3)^2 -> 8.5417696e-06 | K4: =(I4/$E$4)^2 -> 1.6705714e-05 | L4: =$B$1 -> 2.5 | M4: =$B$2 -> -1 | N4: =(0.5*$B$6*I4^2*$B$3*-1)/$B$5 -> -1.8891433e-05 | O4: =1+((0.5*$B$6*$B$21/$B$5)*$D$33*$B$28*$I4) -> 1.0020209 | P4: =1+((0.5*$B$6*$B$21/$B$5)*$E$33*$B$28*$I4) -> 1.0014586 | Q4: =1+((0.5*$B$6*$B$21/$B$5)*$F$33*$B$28*$I4) -> 1.0007293 | R4: =1-((0.5*$B$6*$B$21/$B$5)*$F$33*$B$28*$I4) -> 0.99927072 | S4: =1-((0.5*$B$6*$B$21/$B$5)*$E$33*$B$28*$I4) -> 0.99854145 | T4: =1-((0.5*$B$6*$B$21/$B$5)*$D$33*$B$28*$I4) -> 0.99797913 | W4: =E3 -> 68.431501 | X4: =$J$687 -> 1.002003
A5: W/s | B5: ='TW and WS'!$I$17 -> 2250 | I5: =I4+0.1 -> 0.3 | J5: =(I5/$E$3)^2 -> 1.9218982e-05 | K5: =(I5/$E$4)^2 -> 3.7587857e-05 | L5: =$B$1 -> 2.5 | M5: =$B$2 -> -1 | N5: =(0.5*$B$6*I5^2*$B$3*-1)/$B$5 -> -4.2505725e-05 | O5: =1+((0.5*$B$6*$B$21/$B$5)*$D$33*$B$28*$I5) -> 1.0030313 | P5: =1+((0.5*$B$6*$B$21/$B$5)*$E$33*$B$28*$I5) -> 1.0021878 | Q5: =1+((0.5*$B$6*$B$21/$B$5)*$F$33*$B$28*$I5) -> 1.0010939 | R5: =1-((0.5*$B$6*$B$21/$B$5)*$F$33*$B$28*$I5) -> 0.99890609 | S5: =1-((0.5*$B$6*$B$21/$B$5)*$E$33*$B$28*$I5) -> 0.99781217 | T5: =1-((0.5*$B$6*$B$21/$B$5)*$D$33*$B$28*$I5) -> 0.9969687 | W5: =I695 -> 69.3 | X5: =K695 -> 2.0057256
A6: density ISA0 | B6: ='TW and WS'!$B$32 -> 1.225 | D6: V A EAS | E6: =$E$3*SQRT($B$1) -> 108.1997 | I6: =I5+0.1 -> 0.4 | J6: =(I6/$E$3)^2 -> 3.4167079e-05 | K6: =(I6/$E$4)^2 -> 6.6822857e-05 | L6: =$B$1 -> 2.5 | M6: =$B$2 -> -1 | N6: =(0.5*$B$6*I6^2*$B$3*-1)/$B$5 -> -7.5565734e-05 | O6: =1+((0.5*$B$6*$B$21/$B$5)*$D$33*$B$28*$I6) -> 1.0040417 | P6: =1+((0.5*$B$6*$B$21/$B$5)*$E$33*$B$28*$I6) -> 1.0029171 | Q6: =1+((0.5*$B$6*$B$21/$B$5)*$F$33*$B$28*$I6) -> 1.0014586 | R6: =1-((0.5*$B$6*$B$21/$B$5)*$F$33*$B$28*$I6) -> 0.99854145 | S6: =1-((0.5*$B$6*$B$21/$B$5)*$E$33*$B$28*$I6) -> 0.9970829 | T6: =1-((0.5*$B$6*$B$21/$B$5)*$D$33*$B$28*$I6) -> 0.99595826 | W6: =$I$970 -> 96.8 | X6: =$J$970 -> 2.0009608
A7: density Cruise | B7: ='TW and WS'!$E$29 -> 0.36519299 | I7: =I6+0.1 -> 0.5 | J7: =(I7/$E$3)^2 -> 5.338606e-05 | K7: =(I7/$E$4)^2 -> 0.00010441071 | L7: =$B$1 -> 2.5 | M7: =$B$2 -> -1 | N7: =(0.5*$B$6*I7^2*$B$3*-1)/$B$5 -> -0.00011807146 | O7: =1+((0.5*$B$6*$B$21/$B$5)*$D$33*$B$28*$I7) -> 1.0050522 | P7: =1+((0.5*$B$6*$B$21/$B$5)*$E$33*$B$28*$I7) -> 1.0036464 | Q7: =1+((0.5*$B$6*$B$21/$B$5)*$F$33*$B$28*$I7) -> 1.0018232 | R7: =1-((0.5*$B$6*$B$21/$B$5)*$F$33*$B$28*$I7) -> 0.99817681 | S7: =1-((0.5*$B$6*$B$21/$B$5)*$E$33*$B$28*$I7) -> 0.99635362 | T7: =1-((0.5*$B$6*$B$21/$B$5)*$D$33*$B$28*$I7) -> 0.99494783 | W7: =$E$6 -> 108.1997 | X7: =$B$1 -> 2.5
A8: Surface area | B8: ='Wing Design'!$E$8 -> 352.99727 | D8: V S L | E8: =SQRT(B5/(0.5*B6*B4)) -> 49.316006 | F8: Calculated for 2.53 Clmax | I8: =I7+0.1 -> 0.6 | J8: =(I8/$E$3)^2 -> 7.6875927e-05 | K8: =(I8/$E$4)^2 -> 0.00015035143 | L8: =$B$1 -> 2.5 | M8: =$B$2 -> -1 | N8: =(0.5*$B$6*I8^2*$B$3*-1)/$B$5 -> -0.0001700229 | O8: =1+((0.5*$B$6*$B$21/$B$5)*$D$33*$B$28*$I8) -> 1.0060626 | P8: =1+((0.5*$B$6*$B$21/$B$5)*$E$33*$B$28*$I8) -> 1.0043757 | Q8: =1+((0.5*$B$6*$B$21/$B$5)*$F$33*$B$28*$I8) -> 1.0021878 | R8: =1-((0.5*$B$6*$B$21/$B$5)*$F$33*$B$28*$I8) -> 0.99781217 | S8: =1-((0.5*$B$6*$B$21/$B$5)*$E$33*$B$28*$I8) -> 0.99562435 | T8: =1-((0.5*$B$6*$B$21/$B$5)*$D$33*$B$28*$I8) -> 0.9939374 | W8: =$E$1 -> 128.94024 | X8: =$B$1 -> 2.5
A9: g | B9: ='TW and WS'!$E$28 -> 9.80665 | D9: V S | E9: =SQRT(B5/(0.5*B6*B3)) -> 46.0148 | F9: Calculated for 1.65 Clmax | I9: =I8+0.1 -> 0.7 | J9: =(I9/$E$3)^2 -> 0.00010463668 | K9: =(I9/$E$4)^2 -> 0.000204645 | L9: =$B$1 -> 2.5 | M9: =$B$2 -> -1 | N9: =(0.5*$B$6*I9^2*$B$3*-1)/$B$5 -> -0.00023142006 | O9: =1+((0.5*$B$6*$B$21/$B$5)*$D$33*$B$28*$I9) -> 1.007073 | P9: =1+((0.5*$B$6*$B$21/$B$5)*$E$33*$B$28*$I9) -> 1.0051049 | Q9: =1+((0.5*$B$6*$B$21/$B$5)*$F$33*$B$28*$I9) -> 1.0025525 | R9: =1-((0.5*$B$6*$B$21/$B$5)*$F$33*$B$28*$I9) -> 0.99744754 | S9: =1-((0.5*$B$6*$B$21/$B$5)*$E$33*$B$28*$I9) -> 0.99489507 | T9: =1-((0.5*$B$6*$B$21/$B$5)*$D$33*$B$28*$I9) -> 0.99292696 | W9: =$E$2 -> 136.99901 | X9: =$B$1 -> 2.5
A10: R | B10: ='TW and WS'!$B$31 -> 287.058 | D10: V B | E10: =$E$3*SQRT(1+($B$28*$B$6*$D$33*$E$1*$B$21)/(2*$B$5)) -> 103.84593 | I10: =I9+0.1 -> 0.8 | J10: =(I10/$E$3)^2 -> 0.00013666831 | K10: =(I10/$E$4)^2 -> 0.00026729143 | L10: =$B$1 -> 2.5 | M10: =$B$2 -> -1 | N10: =(0.5*$B$6*I10^2*$B$3*-1)/$B$5 -> -0.00030226293 | O10: =1+((0.5*$B$6*$B$21/$B$5)*$D$33*$B$28*$I10) -> 1.0080835 | P10: =1+((0.5*$B$6*$B$21/$B$5)*$E$33*$B$28*$I10) -> 1.0058342 | Q10: =1+((0.5*$B$6*$B$21/$B$5)*$F$33*$B$28*$I10) -> 1.0029171 | R10: =1-((0.5*$B$6*$B$21/$B$5)*$F$33*$B$28*$I10) -> 0.9970829 | S10: =1-((0.5*$B$6*$B$21/$B$5)*$E$33*$B$28*$I10) -> 0.9941658 | T10: =1-((0.5*$B$6*$B$21/$B$5)*$D$33*$B$28*$I10) -> 0.99191653 | W10: =$W$9 -> 136.99901 | X10: =0 -> 0
A11: gamma | B11: =1.4 -> 1.4 | I11: =I10+0.1 -> 0.9 | J11: =(I11/$E$3)^2 -> 0.00017297084 | K11: =(I11/$E$4)^2 -> 0.00033829071 | L11: =$B$1 -> 2.5 | M11: =$B$2 -> -1 | N11: =(0.5*$B$6*I11^2*$B$3*-1)/$B$5 -> -0.00038255153 | O11: =1+((0.5*$B$6*$B$21/$B$5)*$D$33*$B$28*$I11) -> 1.0090939 | P11: =1+((0.5*$B$6*$B$21/$B$5)*$E$33*$B$28*$I11) -> 1.0065635 | Q11: =1+((0.5*$B$6*$B$21/$B$5)*$F$33*$B$28*$I11) -> 1.0032817 | R11: =1-((0.5*$B$6*$B$21/$B$5)*$F$33*$B$28*$I11) -> 0.99671826 | S11: =1-((0.5*$B$6*$B$21/$B$5)*$E$33*$B$28*$I11) -> 0.99343652 | T11: =1-((0.5*$B$6*$B$21/$B$5)*$D$33*$B$28*$I11) -> 0.99090609 | W11: =$E$1 -> 128.94024 | X11: =$B$2 -> -1
A12: T cruise | B12: ='TW and WS'!$E$27 -> 216.8268 | D12: Delta_n | E12: V_B | F12: V_C | G12: V_D | I12: =I11+0.1 -> 1 | J12: =(I12/$E$3)^2 -> 0.00021354424 | K12: =(I12/$E$4)^2 -> 0.00041764286 | L12: =$B$1 -> 2.5 | M12: =$B$2 -> -1 | N12: =(0.5*$B$6*I12^2*$B$3*-1)/$B$5 -> -0.00047228584 | O12: =1+((0.5*$B$6*$B$21/$B$5)*$D$33*$B$28*$I12) -> 1.0101043 | P12: =1+((0.5*$B$6*$B$21/$B$5)*$E$33*$B$28*$I12) -> 1.0072928 | Q12: =1+((0.5*$B$6*$B$21/$B$5)*$F$33*$B$28*$I12) -> 1.0036464 | R12: =1-((0.5*$B$6*$B$21/$B$5)*$F$33*$B$28*$I12) -> 0.99635362 | S12: =1-((0.5*$B$6*$B$21/$B$5)*$E$33*$B$28*$I12) -> 0.99270725 | T12: =1-((0.5*$B$6*$B$21/$B$5)*$D$33*$B$28*$I12) -> 0.98989566 | W12: =$E$3 -> 68.431501 | X12: =$B$2 -> -1
A13: Mc | B13: ='Class 1 Weight est.'!$J$37 -> 0.8 | E13: =0.5*($B$6*$B$21/$B$5)*$D$33*$B$28*$E$3 -> 0.69145521 | F13: =0.5*($B$6*$B$21/$B$5)*$E$33*$B$28*$E$1 -> 0.94032904 | G13: =0.5*($B$6*$B$21/$B$5)*$F$33*$B$28*$E$2 -> 0.4995498 | I13: =I12+0.1 -> 1.1 | J13: =(I13/$E$3)^2 -> 0.00025838853 | K13: =(I13/$E$4)^2 -> 0.00050534786 | L13: =$B$1 -> 2.5 | M13: =$B$2 -> -1 | N13: =(0.5*$B$6*I13^2*$B$3*-1)/$B$5 -> -0.00057146586 | O13: =1+((0.5*$B$6*$B$21/$B$5)*$D$33*$B$28*$I13) -> 1.0111148 | P13: =1+((0.5*$B$6*$B$21/$B$5)*$E$33*$B$28*$I13) -> 1.008022 | Q13: =1+((0.5*$B$6*$B$21/$B$5)*$F$33*$B$28*$I13) -> 1.004011 | R13: =1-((0.5*$B$6*$B$21/$B$5)*$F$33*$B$28*$I13) -> 0.99598899 | S13: =1-((0.5*$B$6*$B$21/$B$5)*$E$33*$B$28*$I13) -> 0.99197797 | T13: =1-((0.5*$B$6*$B$21/$B$5)*$D$33*$B$28*$I13) -> 0.98888523
A14: speed of sound cruise | B14: =SQRT($B$11*$B$10*$B$12) -> 295.1925 | I14: =I13+0.1 -> 1.2 | J14: =(I14/$E$3)^2 -> 0.00030750371 | K14: =(I14/$E$4)^2 -> 0.00060140571 | L14: =$B$1 -> 2.5 | M14: =$B$2 -> -1 | N14: =(0.5*$B$6*I14^2*$B$3*-1)/$B$5 -> -0.0006800916 | O14: =1+((0.5*$B$6*$B$21/$B$5)*$D$33*$B$28*$I14) -> 1.0121252 | P14: =1+((0.5*$B$6*$B$21/$B$5)*$E$33*$B$28*$I14) -> 1.0087513 | Q14: =1+((0.5*$B$6*$B$21/$B$5)*$F$33*$B$28*$I14) -> 1.0043757 | R14: =1-((0.5*$B$6*$B$21/$B$5)*$F$33*$B$28*$I14) -> 0.99562435 | S14: =1-((0.5*$B$6*$B$21/$B$5)*$E$33*$B$28*$I14) -> 0.9912487 | T14: =1-((0.5*$B$6*$B$21/$B$5)*$D$33*$B$28*$I14) -> 0.98787479
A15: Cruise altitude | B15: ='TW and WS'!$E$16 -> 10972.8 | I15: =I14+0.1 -> 1.3 | J15: =(I15/$E$3)^2 -> 0.00036088977 | K15: =(I15/$E$4)^2 -> 0.00070581643 | L15: =$B$1 -> 2.5 | M15: =$B$2 -> -1 | N15: =(0.5*$B$6*I15^2*$B$3*-1)/$B$5 -> -0.00079816306 | O15: =1+((0.5*$B$6*$B$21/$B$5)*$D$33*$B$28*$I15) -> 1.0131356 | P15: =1+((0.5*$B$6*$B$21/$B$5)*$E$33*$B$28*$I15) -> 1.0094806 | Q15: =1+((0.5*$B$6*$B$21/$B$5)*$F$33*$B$28*$I15) -> 1.0047403 | R15: =1-((0.5*$B$6*$B$21/$B$5)*$F$33*$B$28*$I15) -> 0.99525971 | S15: =1-((0.5*$B$6*$B$21/$B$5)*$E$33*$B$28*$I15) -> 0.99051942 | T15: =1-((0.5*$B$6*$B$21/$B$5)*$D$33*$B$28*$I15) -> 0.98686436
A16: c0.5 | B16: ='Wing Design'!$L$3 -> 0.51997309 | I16: =I15+0.1 -> 1.4 | J16: =(I16/$E$3)^2 -> 0.00041854671 | K16: =(I16/$E$4)^2 -> 0.00081858 | L16: =$B$1 -> 2.5 | M16: =$B$2 -> -1 | N16: =(0.5*$B$6*I16^2*$B$3*-1)/$B$5 -> -0.00092568024 | O16: =1+((0.5*$B$6*$B$21/$B$5)*$D$33*$B$28*$I16) -> 1.0141461 | P16: =1+((0.5*$B$6*$B$21/$B$5)*$E$33*$B$28*$I16) -> 1.0102099 | Q16: =1+((0.5*$B$6*$B$21/$B$5)*$F$33*$B$28*$I16) -> 1.0051049 | R16: =1-((0.5*$B$6*$B$21/$B$5)*$F$33*$B$28*$I16) -> 0.99489507 | S16: =1-((0.5*$B$6*$B$21/$B$5)*$E$33*$B$28*$I16) -> 0.98979015 | T16: =1-((0.5*$B$6*$B$21/$B$5)*$D$33*$B$28*$I16) -> 0.98585392
A17: A | B17: ='Wing Design'!$F$8 -> 9.1323969 | I17: =I16+0.1 -> 1.5 | J17: =(I17/$E$3)^2 -> 0.00048047454 | K17: =(I17/$E$4)^2 -> 0.00093969643 | L17: =$B$1 -> 2.5 | M17: =$B$2 -> -1 | N17: =(0.5*$B$6*I17^2*$B$3*-1)/$B$5 -> -0.0010626431 | O17: =1+((0.5*$B$6*$B$21/$B$5)*$D$33*$B$28*$I17) -> 1.0151565 | P17: =1+((0.5*$B$6*$B$21/$B$5)*$E$33*$B$28*$I17) -> 1.0109391 | Q17: =1+((0.5*$B$6*$B$21/$B$5)*$F$33*$B$28*$I17) -> 1.0054696 | R17: =1-((0.5*$B$6*$B$21/$B$5)*$F$33*$B$28*$I17) -> 0.99453044 | S17: =1-((0.5*$B$6*$B$21/$B$5)*$E$33*$B$28*$I17) -> 0.98906087 | T17: =1-((0.5*$B$6*$B$21/$B$5)*$D$33*$B$28*$I17) -> 0.98484349
A18: beta | B18: =SQRT(1-'TW and WS'!$E$15^2) -> 0.6 | I18: =I17+0.1 -> 1.6 | J18: =(I18/$E$3)^2 -> 0.00054667326 | K18: =(I18/$E$4)^2 -> 0.0010691657 | L18: =$B$1 -> 2.5 | M18: =$B$2 -> -1 | N18: =(0.5*$B$6*I18^2*$B$3*-1)/$B$5 -> -0.0012090517 | O18: =1+((0.5*$B$6*$B$21/$B$5)*$D$33*$B$28*$I18) -> 1.0161669 | P18: =1+((0.5*$B$6*$B$21/$B$5)*$E$33*$B$28*$I18) -> 1.0116684 | Q18: =1+((0.5*$B$6*$B$21/$B$5)*$F$33*$B$28*$I18) -> 1.0058342 | R18: =1-((0.5*$B$6*$B$21/$B$5)*$F$33*$B$28*$I18) -> 0.9941658 | S18: =1-((0.5*$B$6*$B$21/$B$5)*$E$33*$B$28*$I18) -> 0.9883316 | T18: =1-((0.5*$B$6*$B$21/$B$5)*$D$33*$B$28*$I18) -> 0.98383305
A19: MAC | B19: ='Wing Design'!$M$3 -> 6.8529304 | I19: =I18+0.1 -> 1.7 | J19: =(I19/$E$3)^2 -> 0.00061714286 | K19: =(I19/$E$4)^2 -> 0.0012069879 | L19: =$B$1 -> 2.5 | M19: =$B$2 -> -1 | N19: =(0.5*$B$6*I19^2*$B$3*-1)/$B$5 -> -0.0013649061 | O19: =1+((0.5*$B$6*$B$21/$B$5)*$D$33*$B$28*$I19) -> 1.0171774 | P19: =1+((0.5*$B$6*$B$21/$B$5)*$E$33*$B$28*$I19) -> 1.0123977 | Q19: =1+((0.5*$B$6*$B$21/$B$5)*$F$33*$B$28*$I19) -> 1.0061988 | R19: =1-((0.5*$B$6*$B$21/$B$5)*$F$33*$B$28*$I19) -> 0.99380116 | S19: =1-((0.5*$B$6*$B$21/$B$5)*$E$33*$B$28*$I19) -> 0.98760232 | T19: =1-((0.5*$B$6*$B$21/$B$5)*$D$33*$B$28*$I19) -> 0.98282262
A20: eta | B20: =0.95 -> 0.95 | I20: =I19+0.1 -> 1.8 | J20: =(I20/$E$3)^2 -> 0.00069188334 | K20: =(I20/$E$4)^2 -> 0.0013531629 | L20: =$B$1 -> 2.5 | M20: =$B$2 -> -1 | N20: =(0.5*$B$6*I20^2*$B$3*-1)/$B$5 -> -0.0015302061 | O20: =1+((0.5*$B$6*$B$21/$B$5)*$D$33*$B$28*$I20) -> 1.0181878 | P20: =1+((0.5*$B$6*$B$21/$B$5)*$E$33*$B$28*$I20) -> 1.013127 | Q20: =1+((0.5*$B$6*$B$21/$B$5)*$F$33*$B$28*$I20) -> 1.0065635 | R20: =1-((0.5*$B$6*$B$21/$B$5)*$F$33*$B$28*$I20) -> 0.99343652 | S20: =1-((0.5*$B$6*$B$21/$B$5)*$E$33*$B$28*$I20) -> 0.98687305 | T20: =1-((0.5*$B$6*$B$21/$B$5)*$D$33*$B$28*$I20) -> 0.98181219
A21: dCl/da | B21: =(2*PI()*$B$17)/(2+SQRT(4+($B$17*$B$18/$B$20)^2*(1+(TAN($B$16)^2/$B$18^2)))) -> 5.6148549 | I21: =I20+0.1 -> 1.9 | J21: =(I21/$E$3)^2 -> 0.00077089471 | K21: =(I21/$E$4)^2 -> 0.0015076907 | L21: =$B$1 -> 2.5 | M21: =$B$2 -> -1 | N21: =(0.5*$B$6*I21^2*$B$3*-1)/$B$5 -> -0.0017049519 | O21: =1+((0.5*$B$6*$B$21/$B$5)*$D$33*$B$28*$I21) -> 1.0191982 | P21: =1+((0.5*$B$6*$B$21/$B$5)*$E$33*$B$28*$I21) -> 1.0138562 | Q21: =1+((0.5*$B$6*$B$21/$B$5)*$F$33*$B$28*$I21) -> 1.0069281 | R21: =1-((0.5*$B$6*$B$21/$B$5)*$F$33*$B$28*$I21) -> 0.99307189 | S21: =1-((0.5*$B$6*$B$21/$B$5)*$E$33*$B$28*$I21) -> 0.98614377 | T21: =1-((0.5*$B$6*$B$21/$B$5)*$D$33*$B$28*$I21) -> 0.98080175
I22: =I21+0.1 -> 2 | J22: =(I22/$E$3)^2 -> 0.00085417696 | K22: =(I22/$E$4)^2 -> 0.0016705714 | L22: =$B$1 -> 2.5 | M22: =$B$2 -> -1 | N22: =(0.5*$B$6*I22^2*$B$3*-1)/$B$5 -> -0.0018891433 | O22: =1+((0.5*$B$6*$B$21/$B$5)*$D$33*$B$28*$I22) -> 1.0202087 | P22: =1+((0.5*$B$6*$B$21/$B$5)*$E$33*$B$28*$I22) -> 1.0145855 | Q22: =1+((0.5*$B$6*$B$21/$B$5)*$F$33*$B$28*$I22) -> 1.0072928 | R22: =1-((0.5*$B$6*$B$21/$B$5)*$F$33*$B$28*$I22) -> 0.99270725 | S22: =1-((0.5*$B$6*$B$21/$B$5)*$E$33*$B$28*$I22) -> 0.9854145 | T22: =1-((0.5*$B$6*$B$21/$B$5)*$D$33*$B$28*$I22) -> 0.97979132
I23: =I22+0.1 -> 2.1 | J23: =(I23/$E$3)^2 -> 0.0009417301 | K23: =(I23/$E$4)^2 -> 0.001841805 | L23: =$B$1 -> 2.5 | M23: =$B$2 -> -1 | N23: =(0.5*$B$6*I23^2*$B$3*-1)/$B$5 -> -0.0020827805 | O23: =1+((0.5*$B$6*$B$21/$B$5)*$D$33*$B$28*$I23) -> 1.0212191 | P23: =1+((0.5*$B$6*$B$21/$B$5)*$E$33*$B$28*$I23) -> 1.0153148 | Q23: =1+((0.5*$B$6*$B$21/$B$5)*$F$33*$B$28*$I23) -> 1.0076574 | R23: =1-((0.5*$B$6*$B$21/$B$5)*$F$33*$B$28*$I23) -> 0.99234261 | S23: =1-((0.5*$B$6*$B$21/$B$5)*$E$33*$B$28*$I23) -> 0.98468522 | T23: =1-((0.5*$B$6*$B$21/$B$5)*$D$33*$B$28*$I23) -> 0.97878088
C24: U_ref | I24: =I23+0.1 -> 2.2 | J24: =(I24/$E$3)^2 -> 0.0010335541 | K24: =(I24/$E$4)^2 -> 0.0020213914 | L24: =$B$1 -> 2.5 | M24: =$B$2 -> -1 | N24: =(0.5*$B$6*I24^2*$B$3*-1)/$B$5 -> -0.0022858634 | O24: =1+((0.5*$B$6*$B$21/$B$5)*$D$33*$B$28*$I24) -> 1.0222295 | P24: =1+((0.5*$B$6*$B$21/$B$5)*$E$33*$B$28*$I24) -> 1.0160441 | Q24: =1+((0.5*$B$6*$B$21/$B$5)*$F$33*$B$28*$I24) -> 1.008022 | R24: =1-((0.5*$B$6*$B$21/$B$5)*$F$33*$B$28*$I24) -> 0.99197797 | S24: =1-((0.5*$B$6*$B$21/$B$5)*$E$33*$B$28*$I24) -> 0.98395595 | T24: =1-((0.5*$B$6*$B$21/$B$5)*$D$33*$B$28*$I24) -> 0.97777045
C25: Altitude | D25: 0 | E25: 6100 | F25: 15250 | I25: =I24+0.1 -> 2.3 | J25: =(I25/$E$3)^2 -> 0.001129649 | K25: =(I25/$E$4)^2 -> 0.0022093307 | L25: =$B$1 -> 2.5 | M25: =$B$2 -> -1 | N25: =(0.5*$B$6*I25^2*$B$3*-1)/$B$5 -> -0.0024983921 | O25: =1+((0.5*$B$6*$B$21/$B$5)*$D$33*$B$28*$I25) -> 1.02324 | P25: =1+((0.5*$B$6*$B$21/$B$5)*$E$33*$B$28*$I25) -> 1.0167733 | Q25: =1+((0.5*$B$6*$B$21/$B$5)*$F$33*$B$28*$I25) -> 1.0083867 | R25: =1-((0.5*$B$6*$B$21/$B$5)*$F$33*$B$28*$I25) -> 0.99161334 | S25: =1-((0.5*$B$6*$B$21/$B$5)*$E$33*$B$28*$I25) -> 0.98322667 | T25: =1-((0.5*$B$6*$B$21/$B$5)*$D$33*$B$28*$I25) -> 0.97676002
C26: V_B | D26: 20.12 | E26: 20.12 | F26: 11.5 | I26: =I25+0.1 -> 2.4 | J26: =(I26/$E$3)^2 -> 0.0012300148 | K26: =(I26/$E$4)^2 -> 0.0024056229 | L26: =$B$1 -> 2.5 | M26: =$B$2 -> -1 | N26: =(0.5*$B$6*I26^2*$B$3*-1)/$B$5 -> -0.0027203664 | O26: =1+((0.5*$B$6*$B$21/$B$5)*$D$33*$B$28*$I26) -> 1.0242504 | P26: =1+((0.5*$B$6*$B$21/$B$5)*$E$33*$B$28*$I26) -> 1.0175026 | Q26: =1+((0.5*$B$6*$B$21/$B$5)*$F$33*$B$28*$I26) -> 1.0087513 | R26: =1-((0.5*$B$6*$B$21/$B$5)*$F$33*$B$28*$I26) -> 0.9912487 | S26: =1-((0.5*$B$6*$B$21/$B$5)*$E$33*$B$28*$I26) -> 0.9824974 | T26: =1-((0.5*$B$6*$B$21/$B$5)*$D$33*$B$28*$I26) -> 0.97574958
A27: mu | B27: =(2*$B$5)/($B$7*$B$19*$B$21*$B$9) -> 32.655365 | C27: V_C | D27: 15.24 | E27: 15.24 | F27: 7.62 | I27: =I26+0.1 -> 2.5 | J27: =(I27/$E$3)^2 -> 0.0013346515 | K27: =(I27/$E$4)^2 -> 0.0026102679 | L27: =$B$1 -> 2.5 | M27: =$B$2 -> -1 | N27: =(0.5*$B$6*I27^2*$B$3*-1)/$B$5 -> -0.0029517865 | O27: =1+((0.5*$B$6*$B$21/$B$5)*$D$33*$B$28*$I27) -> 1.0252609 | P27: =1+((0.5*$B$6*$B$21/$B$5)*$E$33*$B$28*$I27) -> 1.0182319 | Q27: =1+((0.5*$B$6*$B$21/$B$5)*$F$33*$B$28*$I27) -> 1.0091159 | R27: =1-((0.5*$B$6*$B$21/$B$5)*$F$33*$B$28*$I27) -> 0.99088406 | S27: =1-((0.5*$B$6*$B$21/$B$5)*$E$33*$B$28*$I27) -> 0.98176812 | T27: =1-((0.5*$B$6*$B$21/$B$5)*$D$33*$B$28*$I27) -> 0.97473915
A28: K | B28: =(0.88*$B$27)/(5.3+$B$27) -> 0.75711882 | C28: V_D | D28: 7.62 | E28: 7.62 | F28: 3.81 | I28: =I27+0.1 -> 2.6 | J28: =(I28/$E$3)^2 -> 0.0014435591 | K28: =(I28/$E$4)^2 -> 0.0028232657 | L28: =$B$1 -> 2.5 | M28: =$B$2 -> -1 | N28: =(0.5*$B$6*I28^2*$B$3*-1)/$B$5 -> -0.0031926522 | O28: =1+((0.5*$B$6*$B$21/$B$5)*$D$33*$B$28*$I28) -> 1.0262713 | P28: =1+((0.5*$B$6*$B$21/$B$5)*$E$33*$B$28*$I28) -> 1.0189612 | Q28: =1+((0.5*$B$6*$B$21/$B$5)*$F$33*$B$28*$I28) -> 1.0094806 | R28: =1-((0.5*$B$6*$B$21/$B$5)*$F$33*$B$28*$I28) -> 0.99051942 | S28: =1-((0.5*$B$6*$B$21/$B$5)*$E$33*$B$28*$I28) -> 0.98103885 | T28: =1-((0.5*$B$6*$B$21/$B$5)*$D$33*$B$28*$I28) -> 0.97372871
A29: H | I29: =I28+0.1 -> 2.7 | J29: =(I29/$E$3)^2 -> 0.0015567375 | K29: =(I29/$E$4)^2 -> 0.0030446164 | L29: =$B$1 -> 2.5 | M29: =$B$2 -> -1 | N29: =(0.5*$B$6*I29^2*$B$3*-1)/$B$5 -> -0.0034429637 | O29: =1+((0.5*$B$6*$B$21/$B$5)*$D$33*$B$28*$I29) -> 1.0272817 | P29: =1+((0.5*$B$6*$B$21/$B$5)*$E$33*$B$28*$I29) -> 1.0196904 | Q29: =1+((0.5*$B$6*$B$21/$B$5)*$F$33*$B$28*$I29) -> 1.0098452 | R29: =1-((0.5*$B$6*$B$21/$B$5)*$F$33*$B$28*$I29) -> 0.99015479 | S29: =1-((0.5*$B$6*$B$21/$B$5)*$E$33*$B$28*$I29) -> 0.98030957 | T29: =1-((0.5*$B$6*$B$21/$B$5)*$D$33*$B$28*$I29) -> 0.97271828
A30: Uds | D30: U_ref_B | E30: U_ref_C | F30: U_ref_D | I30: =I29+0.1 -> 2.8 | J30: =(I30/$E$3)^2 -> 0.0016741869 | K30: =(I30/$E$4)^2 -> 0.00327432 | L30: =$B$1 -> 2.5 | M30: =$B$2 -> -1 | N30: =(0.5*$B$6*I30^2*$B$3*-1)/$B$5 -> -0.003702721 | O30: =1+((0.5*$B$6*$B$21/$B$5)*$D$33*$B$28*$I30) -> 1.0282922 | P30: =1+((0.5*$B$6*$B$21/$B$5)*$E$33*$B$28*$I30) -> 1.0204197 | Q30: =1+((0.5*$B$6*$B$21/$B$5)*$F$33*$B$28*$I30) -> 1.0102099 | R30: =1-((0.5*$B$6*$B$21/$B$5)*$F$33*$B$28*$I30) -> 0.98979015 | S30: =1-((0.5*$B$6*$B$21/$B$5)*$E$33*$B$28*$I30) -> 0.9795803 | T30: =1-((0.5*$B$6*$B$21/$B$5)*$D$33*$B$28*$I30) -> 0.97170785
C31: a | D31: -0.0009 | E31: -0.0008 | F31: -0.0004 | I31: =I30+0.1 -> 2.9 | J31: =(I31/$E$3)^2 -> 0.0017959071 | K31: =(I31/$E$4)^2 -> 0.0035123764 | L31: =$B$1 -> 2.5 | M31: =$B$2 -> -1 | N31: =(0.5*$B$6*I31^2*$B$3*-1)/$B$5 -> -0.0039719239 | O31: =1+((0.5*$B$6*$B$21/$B$5)*$D$33*$B$28*$I31) -> 1.0293026 | P31: =1+((0.5*$B$6*$B$21/$B$5)*$E$33*$B$28*$I31) -> 1.021149 | Q31: =1+((0.5*$B$6*$B$21/$B$5)*$F$33*$B$28*$I31) -> 1.0105745 | R31: =1-((0.5*$B$6*$B$21/$B$5)*$F$33*$B$28*$I31) -> 0.98942551 | S31: =1-((0.5*$B$6*$B$21/$B$5)*$E$33*$B$28*$I31) -> 0.97885102 | T31: =1-((0.5*$B$6*$B$21/$B$5)*$D$33*$B$28*$I31) -> 0.97069741
C32: b | D32: 25.867 | E32: 20.32 | F32: 10.16 | I32: =I31+0.1 -> 3 | J32: =(I32/$E$3)^2 -> 0.0019218982 | K32: =(I32/$E$4)^2 -> 0.0037587857 | L32: =$B$1 -> 2.5 | M32: =$B$2 -> -1 | N32: =(0.5*$B$6*I32^2*$B$3*-1)/$B$5 -> -0.0042505725 | O32: =1+((0.5*$B$6*$B$21/$B$5)*$D$33*$B$28*$I32) -> 1.030313 | P32: =1+((0.5*$B$6*$B$21/$B$5)*$E$33*$B$28*$I32) -> 1.0218783 | Q32: =1+((0.5*$B$6*$B$21/$B$5)*$F$33*$B$28*$I32) -> 1.0109391 | R32: =1-((0.5*$B$6*$B$21/$B$5)*$F$33*$B$28*$I32) -> 0.98906087 | S32: =1-((0.5*$B$6*$B$21/$B$5)*$E$33*$B$28*$I32) -> 0.97812175 | T32: =1-((0.5*$B$6*$B$21/$B$5)*$D$33*$B$28*$I32) -> 0.96968698
C33: U_ref | D33: =(D31*B15+D32)*SQRT($B$7/$B$6) -> 8.7313587 | E33: =(E31*$B$15+E32)*SQRT($B$7/$B$6) -> 6.3018086 | F33: =(F31*$B$15+F32)*SQRT($B$7/$B$6) -> 3.1509043 | I33: =I32+0.1 -> 3.1 | J33: =(I33/$E$3)^2 -> 0.0020521602 | K33: =(I33/$E$4)^2 -> 0.0040135479 | L33: =$B$1 -> 2.5 | M33: =$B$2 -> -1 | N33: =(0.5*$B$6*I33^2*$B$3*-1)/$B$5 -> -0.0045386669 | O33: =1+((0.5*$B$6*$B$21/$B$5)*$D$33*$B$28*$I33) -> 1.0313235 | P33: =1+((0.5*$B$6*$B$21/$B$5)*$E$33*$B$28*$I33) -> 1.0226075 | Q33: =1+((0.5*$B$6*$B$21/$B$5)*$F$33*$B$28*$I33) -> 1.0113038 | R33: =1-((0.5*$B$6*$B$21/$B$5)*$F$33*$B$28*$I33) -> 0.98869624 | S33: =1-((0.5*$B$6*$B$21/$B$5)*$E$33*$B$28*$I33) -> 0.97739247 | T33: =1-((0.5*$B$6*$B$21/$B$5)*$D$33*$B$28*$I33) -> 0.96867654
I34: =I33+0.1 -> 3.2 | J34: =(I34/$E$3)^2 -> 0.002186693 | K34: =(I34/$E$4)^2 -> 0.0042766629 | L34: =$B$1 -> 2.5 | M34: =$B$2 -> -1 | N34: =(0.5*$B$6*I34^2*$B$3*-1)/$B$5 -> -0.004836207 | O34: =1+((0.5*$B$6*$B$21/$B$5)*$D$33*$B$28*$I34) -> 1.0323339 | P34: =1+((0.5*$B$6*$B$21/$B$5)*$E$33*$B$28*$I34) -> 1.0233368 | Q34: =1+((0.5*$B$6*$B$21/$B$5)*$F$33*$B$28*$I34) -> 1.0116684 | R34: =1-((0.5*$B$6*$B$21/$B$5)*$F$33*$B$28*$I34) -> 0.9883316 | S34: =1-((0.5*$B$6*$B$21/$B$5)*$E$33*$B$28*$I34) -> 0.9766632 | T34: =1-((0.5*$B$6*$B$21/$B$5)*$D$33*$B$28*$I34) -> 0.96766611
I35: =I34+0.1 -> 3.3 | J35: =(I35/$E$3)^2 -> 0.0023254968 | K35: =(I35/$E$4)^2 -> 0.0045481307 | L35: =$B$1 -> 2.5 | M35: =$B$2 -> -1 | N35: =(0.5*$B$6*I35^2*$B$3*-1)/$B$5 -> -0.0051431928 | O35: =1+((0.5*$B$6*$B$21/$B$5)*$D$33*$B$28*$I35) -> 1.0333443 | P35: =1+((0.5*$B$6*$B$21/$B$5)*$E$33*$B$28*$I35) -> 1.0240661 | Q35: =1+((0.5*$B$6*$B$21/$B$5)*$F$33*$B$28*$I35) -> 1.012033 | R35: =1-((0.5*$B$6*$B$21/$B$5)*$F$33*$B$28*$I35) -> 0.98796696 | S35: =1-((0.5*$B$6*$B$21/$B$5)*$E$33*$B$28*$I35) -> 0.97593392 | T35: =1-((0.5*$B$6*$B$21/$B$5)*$D$33*$B$28*$I35) -> 0.96665568
I36: =I35+0.1 -> 3.4 | J36: =(I36/$E$3)^2 -> 0.0024685714 | K36: =(I36/$E$4)^2 -> 0.0048279514 | L36: =$B$1 -> 2.5 | M36: =$B$2 -> -1 | N36: =(0.5*$B$6*I36^2*$B$3*-1)/$B$5 -> -0.0054596243 | O36: =1+((0.5*$B$6*$B$21/$B$5)*$D$33*$B$28*$I36) -> 1.0343548 | P36: =1+((0.5*$B$6*$B$21/$B$5)*$E$33*$B$28*$I36) -> 1.0247954 | Q36: =1+((0.5*$B$6*$B$21/$B$5)*$F$33*$B$28*$I36) -> 1.0123977 | R36: =1-((0.5*$B$6*$B$21/$B$5)*$F$33*$B$28*$I36) -> 0.98760232 | S36: =1-((0.5*$B$6*$B$21/$B$5)*$E$33*$B$28*$I36) -> 0.97520465 | T36: =1-((0.5*$B$6*$B$21/$B$5)*$D$33*$B$28*$I36) -> 0.96564524
I37: =I36+0.1 -> 3.5 | J37: =(I37/$E$3)^2 -> 0.002615917 | K37: =(I37/$E$4)^2 -> 0.005116125 | L37: =$B$1 -> 2.5 | M37: =$B$2 -> -1 | N37: =(0.5*$B$6*I37^2*$B$3*-1)/$B$5 -> -0.0057855015 | O37: =1+((0.5*$B$6*$B$21/$B$5)*$D$33*$B$28*$I37) -> 1.0353652 | P37: =1+((0.5*$B$6*$B$21/$B$5)*$E$33*$B$28*$I37) -> 1.0255246 | Q37: =1+((0.5*$B$6*$B$21/$B$5)*$F$33*$B$28*$I37) -> 1.0127623 | R37: =1-((0.5*$B$6*$B$21/$B$5)*$F$33*$B$28*$I37) -> 0.98723769 | S37: =1-((0.5*$B$6*$B$21/$B$5)*$E$33*$B$28*$I37) -> 0.97447537 | T37: =1-((0.5*$B$6*$B$21/$B$5)*$D$33*$B$28*$I37) -> 0.96463481
I38: =I37+0.1 -> 3.6 | J38: =(I38/$E$3)^2 -> 0.0027675334 | K38: =(I38/$E$4)^2 -> 0.0054126514 | L38: =$B$1 -> 2.5 | M38: =$B$2 -> -1 | N38: =(0.5*$B$6*I38^2*$B$3*-1)/$B$5 -> -0.0061208244 | O38: =1+((0.5*$B$6*$B$21/$B$5)*$D$33*$B$28*$I38) -> 1.0363756 | P38: =1+((0.5*$B$6*$B$21/$B$5)*$E$33*$B$28*$I38) -> 1.0262539 | Q38: =1+((0.5*$B$6*$B$21/$B$5)*$F$33*$B$28*$I38) -> 1.013127 | R38: =1-((0.5*$B$6*$B$21/$B$5)*$F$33*$B$28*$I38) -> 0.98687305 | S38: =1-((0.5*$B$6*$B$21/$B$5)*$E$33*$B$28*$I38) -> 0.9737461 | T38: =1-((0.5*$B$6*$B$21/$B$5)*$D$33*$B$28*$I38) -> 0.96362437
I39: =I38+0.1 -> 3.7 | J39: =(I39/$E$3)^2 -> 0.0029234207 | K39: =(I39/$E$4)^2 -> 0.0057175307 | L39: =$B$1 -> 2.5 | M39: =$B$2 -> -1 | N39: =(0.5*$B$6*I39^2*$B$3*-1)/$B$5 -> -0.0064655931 | O39: =1+((0.5*$B$6*$B$21/$B$5)*$D$33*$B$28*$I39) -> 1.0373861 | P39: =1+((0.5*$B$6*$B$21/$B$5)*$E$33*$B$28*$I39) -> 1.0269832 | Q39: =1+((0.5*$B$6*$B$21/$B$5)*$F$33*$B$28*$I39) -> 1.0134916 | R39: =1-((0.5*$B$6*$B$21/$B$5)*$F$33*$B$28*$I39) -> 0.98650841 | S39: =1-((0.5*$B$6*$B$21/$B$5)*$E$33*$B$28*$I39) -> 0.97301682 | T39: =1-((0.5*$B$6*$B$21/$B$5)*$D$33*$B$28*$I39) -> 0.96261394
I40: =I39+0.1 -> 3.8 | J40: =(I40/$E$3)^2 -> 0.0030835788 | K40: =(I40/$E$4)^2 -> 0.0060307629 | L40: =$B$1 -> 2.5 | M40: =$B$2 -> -1 | N40: =(0.5*$B$6*I40^2*$B$3*-1)/$B$5 -> -0.0068198075 | O40: =1+((0.5*$B$6*$B$21/$B$5)*$D$33*$B$28*$I40) -> 1.0383965 | P40: =1+((0.5*$B$6*$B$21/$B$5)*$E$33*$B$28*$I40) -> 1.0277125 | Q40: =1+((0.5*$B$6*$B$21/$B$5)*$F$33*$B$28*$I40) -> 1.0138562 | R40: =1-((0.5*$B$6*$B$21/$B$5)*$F$33*$B$28*$I40) -> 0.98614377 | S40: =1-((0.5*$B$6*$B$21/$B$5)*$E$33*$B$28*$I40) -> 0.97228755 | T40: =1-((0.5*$B$6*$B$21/$B$5)*$D$33*$B$28*$I40) -> 0.9616035
I41: =I40+0.1 -> 3.9 | J41: =(I41/$E$3)^2 -> 0.0032480079 | K41: =(I41/$E$4)^2 -> 0.0063523479 | L41: =$B$1 -> 2.5 | M41: =$B$2 -> -1 | N41: =(0.5*$B$6*I41^2*$B$3*-1)/$B$5 -> -0.0071834676 | O41: =1+((0.5*$B$6*$B$21/$B$5)*$D$33*$B$28*$I41) -> 1.0394069 | P41: =1+((0.5*$B$6*$B$21/$B$5)*$E$33*$B$28*$I41) -> 1.0284417 | Q41: =1+((0.5*$B$6*$B$21/$B$5)*$F$33*$B$28*$I41) -> 1.0142209 | R41: =1-((0.5*$B$6*$B$21/$B$5)*$F$33*$B$28*$I41) -> 0.98577914 | S41: =1-((0.5*$B$6*$B$21/$B$5)*$E$33*$B$28*$I41) -> 0.97155827 | T41: =1-((0.5*$B$6*$B$21/$B$5)*$D$33*$B$28*$I41) -> 0.96059307
I42: =I41+0.1 -> 4 | J42: =(I42/$E$3)^2 -> 0.0034167079 | K42: =(I42/$E$4)^2 -> 0.0066822857 | L42: =$B$1 -> 2.5 | M42: =$B$2 -> -1 | N42: =(0.5*$B$6*I42^2*$B$3*-1)/$B$5 -> -0.0075565734 | O42: =1+((0.5*$B$6*$B$21/$B$5)*$D$33*$B$28*$I42) -> 1.0404174 | P42: =1+((0.5*$B$6*$B$21/$B$5)*$E$33*$B$28*$I42) -> 1.029171 | Q42: =1+((0.5*$B$6*$B$21/$B$5)*$F$33*$B$28*$I42) -> 1.0145855 | R42: =1-((0.5*$B$6*$B$21/$B$5)*$F$33*$B$28*$I42) -> 0.9854145 | S42: =1-((0.5*$B$6*$B$21/$B$5)*$E$33*$B$28*$I42) -> 0.970829 | T42: =1-((0.5*$B$6*$B$21/$B$5)*$D$33*$B$28*$I42) -> 0.95958264
I43: =I42+0.1 -> 4.1 | J43: =(I43/$E$3)^2 -> 0.0035896787 | K43: =(I43/$E$4)^2 -> 0.0070205764 | L43: =$B$1 -> 2.5 | M43: =$B$2 -> -1 | N43: =(0.5*$B$6*I43^2*$B$3*-1)/$B$5 -> -0.0079391249 | O43: =1+((0.5*$B$6*$B$21/$B$5)*$D$33*$B$28*$I43) -> 1.0414278 | P43: =1+((0.5*$B$6*$B$21/$B$5)*$E$33*$B$28*$I43) -> 1.0299003 | Q43: =1+((0.5*$B$6*$B$21/$B$5)*$F$33*$B$28*$I43) -> 1.0149501 | R43: =1-((0.5*$B$6*$B$21/$B$5)*$F$33*$B$28*$I43) -> 0.98504986 | S43: =1-((0.5*$B$6*$B$21/$B$5)*$E$33*$B$28*$I43) -> 0.97009972 | T43: =1-((0.5*$B$6*$B$21/$B$5)*$D$33*$B$28*$I43) -> 0.9585722
I44: =I43+0.1 -> 4.2 | J44: =(I44/$E$3)^2 -> 0.0037669204 | K44: =(I44/$E$4)^2 -> 0.00736722 | L44: =$B$1 -> 2.5 | M44: =$B$2 -> -1 | N44: =(0.5*$B$6*I44^2*$B$3*-1)/$B$5 -> -0.0083311221 | O44: =1+((0.5*$B$6*$B$21/$B$5)*$D$33*$B$28*$I44) -> 1.0424382 | P44: =1+((0.5*$B$6*$B$21/$B$5)*$E$33*$B$28*$I44) -> 1.0306296 | Q44: =1+((0.5*$B$6*$B$21/$B$5)*$F$33*$B$28*$I44) -> 1.0153148 | R44: =1-((0.5*$B$6*$B$21/$B$5)*$F$33*$B$28*$I44) -> 0.98468522 | S44: =1-((0.5*$B$6*$B$21/$B$5)*$E$33*$B$28*$I44) -> 0.96937045 | T44: =1-((0.5*$B$6*$B$21/$B$5)*$D$33*$B$28*$I44) -> 0.95756177
I45: =I44+0.1 -> 4.3 | J45: =(I45/$E$3)^2 -> 0.003948433 | K45: =(I45/$E$4)^2 -> 0.0077222164 | L45: =$B$1 -> 2.5 | M45: =$B$2 -> -1 | N45: =(0.5*$B$6*I45^2*$B$3*-1)/$B$5 -> -0.0087325651 | O45: =1+((0.5*$B$6*$B$21/$B$5)*$D$33*$B$28*$I45) -> 1.0434487 | P45: =1+((0.5*$B$6*$B$21/$B$5)*$E$33*$B$28*$I45) -> 1.0313588 | Q45: =1+((0.5*$B$6*$B$21/$B$5)*$F$33*$B$28*$I45) -> 1.0156794 | R45: =1-((0.5*$B$6*$B$21/$B$5)*$F$33*$B$28*$I45) -> 0.98432059 | S45: =1-((0.5*$B$6*$B$21/$B$5)*$E$33*$B$28*$I45) -> 0.96864117 | T45: =1-((0.5*$B$6*$B$21/$B$5)*$D$33*$B$28*$I45) -> 0.95655133
... I686: =I685+0.1 -> 68.4 | J686: =(I686/$E$3)^2 -> 0.99907955 | K686: =(I686/$E$4)^2 -> 1.9539672 | L686: =$B$1 -> 2.5 | M686: =$B$2 -> -1 | N686: =(0.5*$B$6*I686^2*$B$3*-1)/$B$5 -> -2.2096176 | O686: =1+((0.5*$B$6*$B$21/$B$5)*$D$33*$B$28*$I686) -> 1.6911369 | P686: =1+((0.5*$B$6*$B$21/$B$5)*$E$33*$B$28*$I686) -> 1.4988241 | Q686: =1+((0.5*$B$6*$B$21/$B$5)*$F$33*$B$28*$I686) -> 1.2494121 | R686: =1-((0.5*$B$6*$B$21/$B$5)*$F$33*$B$28*$I686) -> 0.75058793 | S686: =1-((0.5*$B$6*$B$21/$B$5)*$E$33*$B$28*$I686) -> 0.50117585 | T686: =1-((0.5*$B$6*$B$21/$B$5)*$D$33*$B$28*$I686) -> 0.30886309
H687: VS C | I687: =I686+0.1 -> 68.5 | J687: =(I687/$E$3)^2 -> 1.002003 | K687: =(I687/$E$4)^2 -> 1.9596847 | L687: =$B$1 -> 2.5 | M687: =$B$2 -> -1 | N687: =(0.5*$B$6*I687^2*$B$3*-1)/$B$5 -> -2.2160832 | O687: =1+((0.5*$B$6*$B$21/$B$5)*$D$33*$B$28*$I687) -> 1.6921473 | P687: =1+((0.5*$B$6*$B$21/$B$5)*$E$33*$B$28*$I687) -> 1.4995534 | Q687: =1+((0.5*$B$6*$B$21/$B$5)*$F$33*$B$28*$I687) -> 1.2497767 | R687: =1-((0.5*$B$6*$B$21/$B$5)*$F$33*$B$28*$I687) -> 0.75022329 | S687: =1-((0.5*$B$6*$B$21/$B$5)*$E$33*$B$28*$I687) -> 0.50044658 | T687: =1-((0.5*$B$6*$B$21/$B$5)*$D$33*$B$28*$I687) -> 0.30785266
I688: =I687+0.1 -> 68.6 | J688: =(I688/$E$3)^2 -> 1.0049307 | K688: =(I688/$E$4)^2 -> 1.9654106 | L688: =$B$1 -> 2.5 | M688: =$B$2 -> -1 | O688: =1+((0.5*$B$6*$B$21/$B$5)*$D$33*$B$28*$I688) -> 1.6931578 | P688: =1+((0.5*$B$6*$B$21/$B$5)*$E$33*$B$28*$I688) -> 1.5002827 | Q688: =1+((0.5*$B$6*$B$21/$B$5)*$F$33*$B$28*$I688) -> 1.2501413 | R688: =1-((0.5*$B$6*$B$21/$B$5)*$F$33*$B$28*$I688) -> 0.74985865 | S688: =1-((0.5*$B$6*$B$21/$B$5)*$E$33*$B$28*$I688) -> 0.4997173 | T688: =1-((0.5*$B$6*$B$21/$B$5)*$D$33*$B$28*$I688) -> 0.30684222
I689: =I688+0.1 -> 68.7 | J689: =(I689/$E$3)^2 -> 1.0078626 | K689: =(I689/$E$4)^2 -> 1.9711448 | L689: =$B$1 -> 2.5 | M689: =$B$2 -> -1 | O689: =1+((0.5*$B$6*$B$21/$B$5)*$D$33*$B$28*$I689) -> 1.6941682 | P689: =1+((0.5*$B$6*$B$21/$B$5)*$E$33*$B$28*$I689) -> 1.501012 | Q689: =1+((0.5*$B$6*$B$21/$B$5)*$F$33*$B$28*$I689) -> 1.250506 | R689: =1-((0.5*$B$6*$B$21/$B$5)*$F$33*$B$28*$I689) -> 0.74949401 | S689: =1-((0.5*$B$6*$B$21/$B$5)*$E$33*$B$28*$I689) -> 0.49898803 | T689: =1-((0.5*$B$6*$B$21/$B$5)*$D$33*$B$28*$I689) -> 0.30583179
I690: =I689+0.1 -> 68.8 | J690: =(I690/$E$3)^2 -> 1.0107989 | K690: =(I690/$E$4)^2 -> 1.9768874 | L690: =$B$1 -> 2.5 | M690: =$B$2 -> -1 | O690: =1+((0.5*$B$6*$B$21/$B$5)*$D$33*$B$28*$I690) -> 1.6951786 | P690: =1+((0.5*$B$6*$B$21/$B$5)*$E$33*$B$28*$I690) -> 1.5017412 | Q690: =1+((0.5*$B$6*$B$21/$B$5)*$F$33*$B$28*$I690) -> 1.2508706 | R690: =1-((0.5*$B$6*$B$21/$B$5)*$F$33*$B$28*$I690) -> 0.74912938 | S690: =1-((0.5*$B$6*$B$21/$B$5)*$E$33*$B$28*$I690) -> 0.49825875 | T690: =1-((0.5*$B$6*$B$21/$B$5)*$D$33*$B$28*$I690) -> 0.30482135
I691: =I690+0.1 -> 68.9 | J691: =(I691/$E$3)^2 -> 1.0137394 | K691: =(I691/$E$4)^2 -> 1.9826383 | L691: =$B$1 -> 2.5 | M691: =$B$2 -> -1 | O691: =1+((0.5*$B$6*$B$21/$B$5)*$D$33*$B$28*$I691) -> 1.6961891 | P691: =1+((0.5*$B$6*$B$21/$B$5)*$E$33*$B$28*$I691) -> 1.5024705 | Q691: =1+((0.5*$B$6*$B$21/$B$5)*$F$33*$B$28*$I691) -> 1.2512353 | R691: =1-((0.5*$B$6*$B$21/$B$5)*$F$33*$B$28*$I691) -> 0.74876474 | S691: =1-((0.5*$B$6*$B$21/$B$5)*$E$33*$B$28*$I691) -> 0.49752948 | T691: =1-((0.5*$B$6*$B$21/$B$5)*$D$33*$B$28*$I691) -> 0.30381092
I692: =I691+0.1 -> 69 | J692: =(I692/$E$3)^2 -> 1.0166841 | K692: =(I692/$E$4)^2 -> 1.9883976 | L692: =$B$1 -> 2.5 | M692: =$B$2 -> -1 | O692: =1+((0.5*$B$6*$B$21/$B$5)*$D$33*$B$28*$I692) -> 1.6971995 | P692: =1+((0.5*$B$6*$B$21/$B$5)*$E$33*$B$28*$I692) -> 1.5031998 | Q692: =1+((0.5*$B$6*$B$21/$B$5)*$F$33*$B$28*$I692) -> 1.2515999 | R692: =1-((0.5*$B$6*$B$21/$B$5)*$F$33*$B$28*$I692) -> 0.7484001 | S692: =1-((0.5*$B$6*$B$21/$B$5)*$E$33*$B$28*$I692) -> 0.4968002 | T692: =1-((0.5*$B$6*$B$21/$B$5)*$D$33*$B$28*$I692) -> 0.30280049
I693: =I692+0.1 -> 69.1 | J693: =(I693/$E$3)^2 -> 1.0196332 | K693: =(I693/$E$4)^2 -> 1.9941653 | L693: =$B$1 -> 2.5 | M693: =$B$2 -> -1 | O693: =1+((0.5*$B$6*$B$21/$B$5)*$D$33*$B$28*$I693) -> 1.6982099 | P693: =1+((0.5*$B$6*$B$21/$B$5)*$E$33*$B$28*$I693) -> 1.5039291 | Q693: =1+((0.5*$B$6*$B$21/$B$5)*$F$33*$B$28*$I693) -> 1.2519645 | R693: =1-((0.5*$B$6*$B$21/$B$5)*$F$33*$B$28*$I693) -> 0.74803546 | S693: =1-((0.5*$B$6*$B$21/$B$5)*$E$33*$B$28*$I693) -> 0.49607093 | T693: =1-((0.5*$B$6*$B$21/$B$5)*$D$33*$B$28*$I693) -> 0.30179005
I694: =I693+0.1 -> 69.2 | J694: =(I694/$E$3)^2 -> 1.0225865 | K694: =(I694/$E$4)^2 -> 1.9999413 | L694: =$B$1 -> 2.5 | M694: =$B$2 -> -1 | O694: =1+((0.5*$B$6*$B$21/$B$5)*$D$33*$B$28*$I694) -> 1.6992204 | P694: =1+((0.5*$B$6*$B$21/$B$5)*$E$33*$B$28*$I694) -> 1.5046583 | Q694: =1+((0.5*$B$6*$B$21/$B$5)*$F$33*$B$28*$I694) -> 1.2523292 | R694: =1-((0.5*$B$6*$B$21/$B$5)*$F$33*$B$28*$I694) -> 0.74767083 | S694: =1-((0.5*$B$6*$B$21/$B$5)*$E$33*$B$28*$I694) -> 0.49534165 | T694: =1-((0.5*$B$6*$B$21/$B$5)*$D$33*$B$28*$I694) -> 0.30077962
H695: V_F | I695: =I694+0.1 -> 69.3 | J695: =(I695/$E$3)^2 -> 1.0255441 | K695: =(I695/$E$4)^2 -> 2.0057256 | L695: =$B$1 -> 2.5 | M695: =$B$2 -> -1 | O695: =1+((0.5*$B$6*$B$21/$B$5)*$D$33*$B$28*$I695) -> 1.7002308 | P695: =1+((0.5*$B$6*$B$21/$B$5)*$E$33*$B$28*$I695) -> 1.5053876 | Q695: =1+((0.5*$B$6*$B$21/$B$5)*$F$33*$B$28*$I695) -> 1.2526938 | R695: =1-((0.5*$B$6*$B$21/$B$5)*$F$33*$B$28*$I695) -> 0.74730619 | S695: =1-((0.5*$B$6*$B$21/$B$5)*$E$33*$B$28*$I695) -> 0.49461238 | T695: =1-((0.5*$B$6*$B$21/$B$5)*$D$33*$B$28*$I695) -> 0.29976918
I696: =I695+0.1 -> 69.4 | J696: =(I696/$E$3)^2 -> 1.0285059 | L696: =$B$1 -> 2.5 | M696: =$B$2 -> -1 | O696: =1+((0.5*$B$6*$B$21/$B$5)*$D$33*$B$28*$I696) -> 1.7012413 | P696: =1+((0.5*$B$6*$B$21/$B$5)*$E$33*$B$28*$I696) -> 1.5061169 | Q696: =1+((0.5*$B$6*$B$21/$B$5)*$F$33*$B$28*$I696) -> 1.2530584 | R696: =1-((0.5*$B$6*$B$21/$B$5)*$F$33*$B$28*$I696) -> 0.74694155 | S696: =1-((0.5*$B$6*$B$21/$B$5)*$E$33*$B$28*$I696) -> 0.4938831 | T696: =1-((0.5*$B$6*$B$21/$B$5)*$D$33*$B$28*$I696) -> 0.29875875
I697: =I696+0.1 -> 69.5 | J697: =(I697/$E$3)^2 -> 1.0314721 | L697: =$B$1 -> 2.5 | M697: =$B$2 -> -1 | O697: =1+((0.5*$B$6*$B$21/$B$5)*$D$33*$B$28*$I697) -> 1.7022517 | P697: =1+((0.5*$B$6*$B$21/$B$5)*$E$33*$B$28*$I697) -> 1.5068462 | Q697: =1+((0.5*$B$6*$B$21/$B$5)*$F$33*$B$28*$I697) -> 1.2534231 | R697: =1-((0.5*$B$6*$B$21/$B$5)*$F$33*$B$28*$I697) -> 0.74657691 | S697: =1-((0.5*$B$6*$B$21/$B$5)*$E$33*$B$28*$I697) -> 0.49315383 | T697: =1-((0.5*$B$6*$B$21/$B$5)*$D$33*$B$28*$I697) -> 0.29774831
I698: =I697+0.1 -> 69.6 | J698: =(I698/$E$3)^2 -> 1.0344425 | L698: =$B$1 -> 2.5 | M698: =$B$2 -> -1 | O698: =1+((0.5*$B$6*$B$21/$B$5)*$D$33*$B$28*$I698) -> 1.7032621 | P698: =1+((0.5*$B$6*$B$21/$B$5)*$E$33*$B$28*$I698) -> 1.5075754 | Q698: =1+((0.5*$B$6*$B$21/$B$5)*$F$33*$B$28*$I698) -> 1.2537877 | R698: =1-((0.5*$B$6*$B$21/$B$5)*$F$33*$B$28*$I698) -> 0.74621228 | S698: =1-((0.5*$B$6*$B$21/$B$5)*$E$33*$B$28*$I698) -> 0.49242455 | T698: =1-((0.5*$B$6*$B$21/$B$5)*$D$33*$B$28*$I698) -> 0.29673788
I699: =I698+0.1 -> 69.7 | J699: =(I699/$E$3)^2 -> 1.0374171 | L699: =$B$1 -> 2.5 | M699: =$B$2 -> -1 | O699: =1+((0.5*$B$6*$B$21/$B$5)*$D$33*$B$28*$I699) -> 1.7042726 | P699: =1+((0.5*$B$6*$B$21/$B$5)*$E$33*$B$28*$I699) -> 1.5083047 | Q699: =1+((0.5*$B$6*$B$21/$B$5)*$F$33*$B$28*$I699) -> 1.2541524 | R699: =1-((0.5*$B$6*$B$21/$B$5)*$F$33*$B$28*$I699) -> 0.74584764 | S699: =1-((0.5*$B$6*$B$21/$B$5)*$E$33*$B$28*$I699) -> 0.49169528 | T699: =1-((0.5*$B$6*$B$21/$B$5)*$D$33*$B$28*$I699) -> 0.29572745
I700: =I699+0.1 -> 69.8 | J700: =(I700/$E$3)^2 -> 1.0403961 | L700: =$B$1 -> 2.5 | M700: =$B$2 -> -1 | O700: =1+((0.5*$B$6*$B$21/$B$5)*$D$33*$B$28*$I700) -> 1.705283 | P700: =1+((0.5*$B$6*$B$21/$B$5)*$E$33*$B$28*$I700) -> 1.509034 | Q700: =1+((0.5*$B$6*$B$21/$B$5)*$F$33*$B$28*$I700) -> 1.254517 | R700: =1-((0.5*$B$6*$B$21/$B$5)*$F$33*$B$28*$I700) -> 0.745483 | S700: =1-((0.5*$B$6*$B$21/$B$5)*$E$33*$B$28*$I700) -> 0.490966 | T700: =1-((0.5*$B$6*$B$21/$B$5)*$D$33*$B$28*$I700) -> 0.29471701
I701: =I700+0.1 -> 69.9 | J701: =(I701/$E$3)^2 -> 1.0433793 | L701: =$B$1 -> 2.5 | M701: =$B$2 -> -1 | O701: =1+((0.5*$B$6*$B$21/$B$5)*$D$33*$B$28*$I701) -> 1.7062934 | P701: =1+((0.5*$B$6*$B$21/$B$5)*$E$33*$B$28*$I701) -> 1.5097633 | Q701: =1+((0.5*$B$6*$B$21/$B$5)*$F$33*$B$28*$I701) -> 1.2548816 | R701: =1-((0.5*$B$6*$B$21/$B$5)*$F$33*$B$28*$I701) -> 0.74511836 | S701: =1-((0.5*$B$6*$B$21/$B$5)*$E$33*$B$28*$I701) -> 0.49023673 | T701: =1-((0.5*$B$6*$B$21/$B$5)*$D$33*$B$28*$I701) -> 0.29370658
I702: =I701+0.1 -> 70 | J702: =(I702/$E$3)^2 -> 1.0463668 | L702: =$B$1 -> 2.5 | M702: =$B$2 -> -1 | O702: =1+((0.5*$B$6*$B$21/$B$5)*$D$33*$B$28*$I702) -> 1.7073039 | P702: =1+((0.5*$B$6*$B$21/$B$5)*$E$33*$B$28*$I702) -> 1.5104925 | Q702: =1+((0.5*$B$6*$B$21/$B$5)*$F$33*$B$28*$I702) -> 1.2552463 | R702: =1-((0.5*$B$6*$B$21/$B$5)*$F$33*$B$28*$I702) -> 0.74475373 | S702: =1-((0.5*$B$6*$B$21/$B$5)*$E$33*$B$28*$I702) -> 0.48950745 | T702: =1-((0.5*$B$6*$B$21/$B$5)*$D$33*$B$28*$I702) -> 0.29269614
I703: =I702+0.1 -> 70.1 | J703: =(I703/$E$3)^2 -> 1.0493585 | L703: =$B$1 -> 2.5 | M703: =$B$2 -> -1 | O703: =1+((0.5*$B$6*$B$21/$B$5)*$D$33*$B$28*$I703) -> 1.7083143 | P703: =1+((0.5*$B$6*$B$21/$B$5)*$E$33*$B$28*$I703) -> 1.5112218 | Q703: =1+((0.5*$B$6*$B$21/$B$5)*$F$33*$B$28*$I703) -> 1.2556109 | R703: =1-((0.5*$B$6*$B$21/$B$5)*$F$33*$B$28*$I703) -> 0.74438909 | S703: =1-((0.5*$B$6*$B$21/$B$5)*$E$33*$B$28*$I703) -> 0.48877818 | T703: =1-((0.5*$B$6*$B$21/$B$5)*$D$33*$B$28*$I703) -> 0.29168571
I704: =I703+0.1 -> 70.2 | J704: =(I704/$E$3)^2 -> 1.0523546 | L704: =$B$1 -> 2.5 | M704: =$B$2 -> -1 | O704: =1+((0.5*$B$6*$B$21/$B$5)*$D$33*$B$28*$I704) -> 1.7093247 | P704: =1+((0.5*$B$6*$B$21/$B$5)*$E$33*$B$28*$I704) -> 1.5119511 | Q704: =1+((0.5*$B$6*$B$21/$B$5)*$F$33*$B$28*$I704) -> 1.2559755 | R704: =1-((0.5*$B$6*$B$21/$B$5)*$F$33*$B$28*$I704) -> 0.74402445 | S704: =1-((0.5*$B$6*$B$21/$B$5)*$E$33*$B$28*$I704) -> 0.4880489 | T704: =1-((0.5*$B$6*$B$21/$B$5)*$D$33*$B$28*$I704) -> 0.29067528
I705: =I704+0.1 -> 70.3 | J705: =(I705/$E$3)^2 -> 1.0553549 | L705: =$B$1 -> 2.5 | M705: =$B$2 -> -1 | O705: =1+((0.5*$B$6*$B$21/$B$5)*$D$33*$B$28*$I705) -> 1.7103352 | P705: =1+((0.5*$B$6*$B$21/$B$5)*$E$33*$B$28*$I705) -> 1.5126804 | Q705: =1+((0.5*$B$6*$B$21/$B$5)*$F$33*$B$28*$I705) -> 1.2563402 | R705: =1-((0.5*$B$6*$B$21/$B$5)*$F$33*$B$28*$I705) -> 0.74365981 | S705: =1-((0.5*$B$6*$B$21/$B$5)*$E$33*$B$28*$I705) -> 0.48731963 | T705: =1-((0.5*$B$6*$B$21/$B$5)*$D$33*$B$28*$I705) -> 0.28966484
I706: =I705+0.1 -> 70.4 | J706: =(I706/$E$3)^2 -> 1.0583594 | L706: =$B$1 -> 2.5 | M706: =$B$2 -> -1 | O706: =1+((0.5*$B$6*$B$21/$B$5)*$D$33*$B$28*$I706) -> 1.7113456 | P706: =1+((0.5*$B$6*$B$21/$B$5)*$E$33*$B$28*$I706) -> 1.5134096 | Q706: =1+((0.5*$B$6*$B$21/$B$5)*$F$33*$B$28*$I706) -> 1.2567048 | R706: =1-((0.5*$B$6*$B$21/$B$5)*$F$33*$B$28*$I706) -> 0.74329518 | S706: =1-((0.5*$B$6*$B$21/$B$5)*$E$33*$B$28*$I706) -> 0.48659035 | T706: =1-((0.5*$B$6*$B$21/$B$5)*$D$33*$B$28*$I706) -> 0.28865441
I707: =I706+0.1 -> 70.5 | J707: =(I707/$E$3)^2 -> 1.0613683 | L707: =$B$1 -> 2.5 | M707: =$B$2 -> -1 | O707: =1+((0.5*$B$6*$B$21/$B$5)*$D$33*$B$28*$I707) -> 1.712356 | P707: =1+((0.5*$B$6*$B$21/$B$5)*$E$33*$B$28*$I707) -> 1.5141389 | Q707: =1+((0.5*$B$6*$B$21/$B$5)*$F$33*$B$28*$I707) -> 1.2570695 | R707: =1-((0.5*$B$6*$B$21/$B$5)*$F$33*$B$28*$I707) -> 0.74293054 | S707: =1-((0.5*$B$6*$B$21/$B$5)*$E$33*$B$28*$I707) -> 0.48586108 | T707: =1-((0.5*$B$6*$B$21/$B$5)*$D$33*$B$28*$I707) -> 0.28764397
... I969: =I968+0.1 -> 96.7 | J969: =(I969/$E$3)^2 -> 1.9968287 | L969: =$B$1 -> 2.5 | M969: =$B$2 -> -1 | O969: =1+((0.5*$B$6*$B$21/$B$5)*$D$33*$B$28*$I969) -> 1.9770898 | P969: =1+((0.5*$B$6*$B$21/$B$5)*$E$33*$B$28*$I969) -> 1.705209 | Q969: =1+((0.5*$B$6*$B$21/$B$5)*$F$33*$B$28*$I969) -> 1.3526045 | R969: =1-((0.5*$B$6*$B$21/$B$5)*$F$33*$B$28*$I969) -> 0.64739551 | S969: =1-((0.5*$B$6*$B$21/$B$5)*$E$33*$B$28*$I969) -> 0.29479101 | T969: =1-((0.5*$B$6*$B$21/$B$5)*$D$33*$B$28*$I969) -> 0.022910245
H970: V_F | I970: =I969+0.1 -> 96.8 | J970: =(I970/$E$3)^2 -> 2.0009608 | L970: =$B$1 -> 2.5 | M970: =$B$2 -> -1 | O970: =1+((0.5*$B$6*$B$21/$B$5)*$D$33*$B$28*$I970) -> 1.9781002 | P970: =1+((0.5*$B$6*$B$21/$B$5)*$E$33*$B$28*$I970) -> 1.7059383 | Q970: =1+((0.5*$B$6*$B$21/$B$5)*$F$33*$B$28*$I970) -> 1.3529691 | R970: =1-((0.5*$B$6*$B$21/$B$5)*$F$33*$B$28*$I970) -> 0.64703087 | S970: =1-((0.5*$B$6*$B$21/$B$5)*$E$33*$B$28*$I970) -> 0.29406174 | T970: =1-((0.5*$B$6*$B$21/$B$5)*$D$33*$B$28*$I970) -> 0.021899811
I971: =I970+0.1 -> 96.9 | J971: =(I971/$E$3)^2 -> 2.0050971 | L971: =$B$1 -> 2.5 | M971: =$B$2 -> -1 | O971: =1+((0.5*$B$6*$B$21/$B$5)*$D$33*$B$28*$I971) -> 1.9791106 | P971: =1+((0.5*$B$6*$B$21/$B$5)*$E$33*$B$28*$I971) -> 1.7066675 | Q971: =1+((0.5*$B$6*$B$21/$B$5)*$F$33*$B$28*$I971) -> 1.3533338 | R971: =1-((0.5*$B$6*$B$21/$B$5)*$F$33*$B$28*$I971) -> 0.64666623 | S971: =1-((0.5*$B$6*$B$21/$B$5)*$E$33*$B$28*$I971) -> 0.29333246 | T971: =1-((0.5*$B$6*$B$21/$B$5)*$D$33*$B$28*$I971) -> 0.020889377
I972: =I971+0.1 -> 97 | J972: =(I972/$E$3)^2 -> 2.0092378 | L972: =$B$1 -> 2.5 | M972: =$B$2 -> -1 | O972: =1+((0.5*$B$6*$B$21/$B$5)*$D$33*$B$28*$I972) -> 1.9801211 | P972: =1+((0.5*$B$6*$B$21/$B$5)*$E$33*$B$28*$I972) -> 1.7073968 | Q972: =1+((0.5*$B$6*$B$21/$B$5)*$F$33*$B$28*$I972) -> 1.3536984 | R972: =1-((0.5*$B$6*$B$21/$B$5)*$F$33*$B$28*$I972) -> 0.64630159 | S972: =1-((0.5*$B$6*$B$21/$B$5)*$E$33*$B$28*$I972) -> 0.29260319 | T972: =1-((0.5*$B$6*$B$21/$B$5)*$D$33*$B$28*$I972) -> 0.019878943
I973: =I972+0.1 -> 97.1 | J973: =(I973/$E$3)^2 -> 2.0133827 | L973: =$B$1 -> 2.5 | M973: =$B$2 -> -1 | O973: =1+((0.5*$B$6*$B$21/$B$5)*$D$33*$B$28*$I973) -> 1.9811315 | P973: =1+((0.5*$B$6*$B$21/$B$5)*$E$33*$B$28*$I973) -> 1.7081261 | Q973: =1+((0.5*$B$6*$B$21/$B$5)*$F$33*$B$28*$I973) -> 1.354063 | R973: =1-((0.5*$B$6*$B$21/$B$5)*$F$33*$B$28*$I973) -> 0.64593696 | S973: =1-((0.5*$B$6*$B$21/$B$5)*$E$33*$B$28*$I973) -> 0.29187391 | T973: =1-((0.5*$B$6*$B$21/$B$5)*$D$33*$B$28*$I973) -> 0.018868509
I974: =I973+0.1 -> 97.2 | J974: =(I974/$E$3)^2 -> 2.0175318 | L974: =$B$1 -> 2.5 | M974: =$B$2 -> -1 | O974: =1+((0.5*$B$6*$B$21/$B$5)*$D$33*$B$28*$I974) -> 1.9821419 | P974: =1+((0.5*$B$6*$B$21/$B$5)*$E$33*$B$28*$I974) -> 1.7088554 | Q974: =1+((0.5*$B$6*$B$21/$B$5)*$F$33*$B$28*$I974) -> 1.3544277 | R974: =1-((0.5*$B$6*$B$21/$B$5)*$F$33*$B$28*$I974) -> 0.64557232 | S974: =1-((0.5*$B$6*$B$21/$B$5)*$E$33*$B$28*$I974) -> 0.29114464 | T974: =1-((0.5*$B$6*$B$21/$B$5)*$D$33*$B$28*$I974) -> 0.017858075
I975: =I974+0.1 -> 97.3 | J975: =(I975/$E$3)^2 -> 2.0216853 | L975: =$B$1 -> 2.5 | M975: =$B$2 -> -1 | O975: =1+((0.5*$B$6*$B$21/$B$5)*$D$33*$B$28*$I975) -> 1.9831524 | P975: =1+((0.5*$B$6*$B$21/$B$5)*$E$33*$B$28*$I975) -> 1.7095846 | Q975: =1+((0.5*$B$6*$B$21/$B$5)*$F$33*$B$28*$I975) -> 1.3547923 | R975: =1-((0.5*$B$6*$B$21/$B$5)*$F$33*$B$28*$I975) -> 0.64520768 | S975: =1-((0.5*$B$6*$B$21/$B$5)*$E$33*$B$28*$I975) -> 0.29041536 | T975: =1-((0.5*$B$6*$B$21/$B$5)*$D$33*$B$28*$I975) -> 0.016847641
I976: =I975+0.1 -> 97.4 | J976: =(I976/$E$3)^2 -> 2.025843 | L976: =$B$1 -> 2.5 | M976: =$B$2 -> -1 | O976: =1+((0.5*$B$6*$B$21/$B$5)*$D$33*$B$28*$I976) -> 1.9841628 | P976: =1+((0.5*$B$6*$B$21/$B$5)*$E$33*$B$28*$I976) -> 1.7103139 | Q976: =1+((0.5*$B$6*$B$21/$B$5)*$F$33*$B$28*$I976) -> 1.355157 | R976: =1-((0.5*$B$6*$B$21/$B$5)*$F$33*$B$28*$I976) -> 0.64484304 | S976: =1-((0.5*$B$6*$B$21/$B$5)*$E$33*$B$28*$I976) -> 0.28968609 | T976: =1-((0.5*$B$6*$B$21/$B$5)*$D$33*$B$28*$I976) -> 0.015837207
I977: =I976+0.1 -> 97.5 | J977: =(I977/$E$3)^2 -> 2.0300049 | L977: =$B$1 -> 2.5 | M977: =$B$2 -> -1 | O977: =1+((0.5*$B$6*$B$21/$B$5)*$D$33*$B$28*$I977) -> 1.9851732 | P977: =1+((0.5*$B$6*$B$21/$B$5)*$E$33*$B$28*$I977) -> 1.7110432 | Q977: =1+((0.5*$B$6*$B$21/$B$5)*$F$33*$B$28*$I977) -> 1.3555216 | R977: =1-((0.5*$B$6*$B$21/$B$5)*$F$33*$B$28*$I977) -> 0.64447841 | S977: =1-((0.5*$B$6*$B$21/$B$5)*$E$33*$B$28*$I977) -> 0.28895681 | T977: =1-((0.5*$B$6*$B$21/$B$5)*$D$33*$B$28*$I977) -> 0.014826772
I978: =I977+0.1 -> 97.6 | J978: =(I978/$E$3)^2 -> 2.0341712 | L978: =$B$1 -> 2.5 | M978: =$B$2 -> -1 | O978: =1+((0.5*$B$6*$B$21/$B$5)*$D$33*$B$28*$I978) -> 1.9861837 | P978: =1+((0.5*$B$6*$B$21/$B$5)*$E$33*$B$28*$I978) -> 1.7117725 | Q978: =1+((0.5*$B$6*$B$21/$B$5)*$F$33*$B$28*$I978) -> 1.3558862 | R978: =1-((0.5*$B$6*$B$21/$B$5)*$F$33*$B$28*$I978) -> 0.64411377 | S978: =1-((0.5*$B$6*$B$21/$B$5)*$E$33*$B$28*$I978) -> 0.28822754 | T978: =1-((0.5*$B$6*$B$21/$B$5)*$D$33*$B$28*$I978) -> 0.013816338
I979: =I978+0.1 -> 97.7 | J979: =(I979/$E$3)^2 -> 2.0383417 | L979: =$B$1 -> 2.5 | M979: =$B$2 -> -1 | O979: =1+((0.5*$B$6*$B$21/$B$5)*$D$33*$B$28*$I979) -> 1.9871941 | P979: =1+((0.5*$B$6*$B$21/$B$5)*$E$33*$B$28*$I979) -> 1.7125017 | Q979: =1+((0.5*$B$6*$B$21/$B$5)*$F$33*$B$28*$I979) -> 1.3562509 | R979: =1-((0.5*$B$6*$B$21/$B$5)*$F$33*$B$28*$I979) -> 0.64374913 | S979: =1-((0.5*$B$6*$B$21/$B$5)*$E$33*$B$28*$I979) -> 0.28749826 | T979: =1-((0.5*$B$6*$B$21/$B$5)*$D$33*$B$28*$I979) -> 0.012805904
I980: =I979+0.1 -> 97.8 | J980: =(I980/$E$3)^2 -> 2.0425165 | L980: =$B$1 -> 2.5 | M980: =$B$2 -> -1 | O980: =1+((0.5*$B$6*$B$21/$B$5)*$D$33*$B$28*$I980) -> 1.9882045 | P980: =1+((0.5*$B$6*$B$21/$B$5)*$E$33*$B$28*$I980) -> 1.713231 | Q980: =1+((0.5*$B$6*$B$21/$B$5)*$F$33*$B$28*$I980) -> 1.3566155 | R980: =1-((0.5*$B$6*$B$21/$B$5)*$F$33*$B$28*$I980) -> 0.64338449 | S980: =1-((0.5*$B$6*$B$21/$B$5)*$E$33*$B$28*$I980) -> 0.28676898 | T980: =1-((0.5*$B$6*$B$21/$B$5)*$D$33*$B$28*$I980) -> 0.01179547
I981: =I980+0.1 -> 97.9 | J981: =(I981/$E$3)^2 -> 2.0466956 | L981: =$B$1 -> 2.5 | M981: =$B$2 -> -1 | O981: =1+((0.5*$B$6*$B$21/$B$5)*$D$33*$B$28*$I981) -> 1.989215 | P981: =1+((0.5*$B$6*$B$21/$B$5)*$E$33*$B$28*$I981) -> 1.7139603 | Q981: =1+((0.5*$B$6*$B$21/$B$5)*$F$33*$B$28*$I981) -> 1.3569801 | R981: =1-((0.5*$B$6*$B$21/$B$5)*$F$33*$B$28*$I981) -> 0.64301985 | S981: =1-((0.5*$B$6*$B$21/$B$5)*$E$33*$B$28*$I981) -> 0.28603971 | T981: =1-((0.5*$B$6*$B$21/$B$5)*$D$33*$B$28*$I981) -> 0.010785036
I982: =I981+0.1 -> 98 | J982: =(I982/$E$3)^2 -> 2.0508789 | L982: =$B$1 -> 2.5 | M982: =$B$2 -> -1 | O982: =1+((0.5*$B$6*$B$21/$B$5)*$D$33*$B$28*$I982) -> 1.9902254 | P982: =1+((0.5*$B$6*$B$21/$B$5)*$E$33*$B$28*$I982) -> 1.7146896 | Q982: =1+((0.5*$B$6*$B$21/$B$5)*$F$33*$B$28*$I982) -> 1.3573448 | R982: =1-((0.5*$B$6*$B$21/$B$5)*$F$33*$B$28*$I982) -> 0.64265522 | S982: =1-((0.5*$B$6*$B$21/$B$5)*$E$33*$B$28*$I982) -> 0.28531043 | T982: =1-((0.5*$B$6*$B$21/$B$5)*$D$33*$B$28*$I982) -> 0.0097746021
... I1083: =I1082+0.1 -> 108.1 | J1083: =(I1083/$E$3)^2 -> 2.4953947 | L1083: =$B$1 -> 2.5 | M1083: =$B$2 -> -1 | O1083: =1+((0.5*$B$6*$B$21/$B$5)*$D$33*$B$28*$I1083) -> 2.0922792 | P1083: =1+((0.5*$B$6*$B$21/$B$5)*$E$33*$B$28*$I1083) -> 1.7883463 | Q1083: =1+((0.5*$B$6*$B$21/$B$5)*$F$33*$B$28*$I1083) -> 1.3941732 | R1083: =1-((0.5*$B$6*$B$21/$B$5)*$F$33*$B$28*$I1083) -> 0.60582683 | S1083: =1-((0.5*$B$6*$B$21/$B$5)*$E$33*$B$28*$I1083) -> 0.21165365 | T1083: =1-((0.5*$B$6*$B$21/$B$5)*$D$33*$B$28*$I1083) -> -0.09227924
H1084: nmax | I1084: =I1083+0.1 -> 108.2 | J1084: =(I1084/$E$3)^2 -> 2.5000137 | L1084: =$B$1 -> 2.5 | M1084: =$B$2 -> -1 | O1084: =1+((0.5*$B$6*$B$21/$B$5)*$D$33*$B$28*$I1084) -> 2.0932897 | P1084: =1+((0.5*$B$6*$B$21/$B$5)*$E$33*$B$28*$I1084) -> 1.7890756 | Q1084: =1+((0.5*$B$6*$B$21/$B$5)*$F$33*$B$28*$I1084) -> 1.3945378 | R1084: =1-((0.5*$B$6*$B$21/$B$5)*$F$33*$B$28*$I1084) -> 0.60546219 | S1084: =1-((0.5*$B$6*$B$21/$B$5)*$E$33*$B$28*$I1084) -> 0.21092438 | T1084: =1-((0.5*$B$6*$B$21/$B$5)*$D$33*$B$28*$I1084) -> -0.093289674
I1085: =I1084+0.1 -> 108.3 | L1085: =$B$1 -> 2.5 | M1085: =$B$2 -> -1 | O1085: =1+((0.5*$B$6*$B$21/$B$5)*$D$33*$B$28*$I1085) -> 2.0943001 | P1085: =1+((0.5*$B$6*$B$21/$B$5)*$E$33*$B$28*$I1085) -> 1.7898049 | Q1085: =1+((0.5*$B$6*$B$21/$B$5)*$F$33*$B$28*$I1085) -> 1.3949024 | R1085: =1-((0.5*$B$6*$B$21/$B$5)*$F$33*$B$28*$I1085) -> 0.60509755 | S1085: =1-((0.5*$B$6*$B$21/$B$5)*$E$33*$B$28*$I1085) -> 0.2101951 | T1085: =1-((0.5*$B$6*$B$21/$B$5)*$D$33*$B$28*$I1085) -> -0.094300108
I1086: =I1085+0.1 -> 108.4 | L1086: =$B$1 -> 2.5 | M1086: =$B$2 -> -1 | O1086: =1+((0.5*$B$6*$B$21/$B$5)*$D$33*$B$28*$I1086) -> 2.0953105 | P1086: =1+((0.5*$B$6*$B$21/$B$5)*$E$33*$B$28*$I1086) -> 1.7905342 | Q1086: =1+((0.5*$B$6*$B$21/$B$5)*$F$33*$B$28*$I1086) -> 1.3952671 | R1086: =1-((0.5*$B$6*$B$21/$B$5)*$F$33*$B$28*$I1086) -> 0.60473291 | S1086: =1-((0.5*$B$6*$B$21/$B$5)*$E$33*$B$28*$I1086) -> 0.20946583 | T1086: =1-((0.5*$B$6*$B$21/$B$5)*$D$33*$B$28*$I1086) -> -0.095310542
I1087: =I1086+0.1 -> 108.5 | L1087: =$B$1 -> 2.5 | M1087: =$B$2 -> -1 | O1087: =1+((0.5*$B$6*$B$21/$B$5)*$D$33*$B$28*$I1087) -> 2.096321 | P1087: =1+((0.5*$B$6*$B$21/$B$5)*$E$33*$B$28*$I1087) -> 1.7912634 | Q1087: =1+((0.5*$B$6*$B$21/$B$5)*$F$33*$B$28*$I1087) -> 1.3956317 | R1087: =1-((0.5*$B$6*$B$21/$B$5)*$F$33*$B$28*$I1087) -> 0.60436828 | S1087: =1-((0.5*$B$6*$B$21/$B$5)*$E$33*$B$28*$I1087) -> 0.20873655 | T1087: =1-((0.5*$B$6*$B$21/$B$5)*$D$33*$B$28*$I1087) -> -0.096320976
I1088: =I1087+0.1 -> 108.6 | L1088: =$B$1 -> 2.5 | M1088: =$B$2 -> -1 | O1088: =1+((0.5*$B$6*$B$21/$B$5)*$D$33*$B$28*$I1088) -> 2.0973314 | P1088: =1+((0.5*$B$6*$B$21/$B$5)*$E$33*$B$28*$I1088) -> 1.7919927 | Q1088: =1+((0.5*$B$6*$B$21/$B$5)*$F$33*$B$28*$I1088) -> 1.3959964 | R1088: =1-((0.5*$B$6*$B$21/$B$5)*$F$33*$B$28*$I1088) -> 0.60400364 | S1088: =1-((0.5*$B$6*$B$21/$B$5)*$E$33*$B$28*$I1088) -> 0.20800728 | T1088: =1-((0.5*$B$6*$B$21/$B$5)*$D$33*$B$28*$I1088) -> -0.09733141
I1089: =I1088+0.1 -> 108.7 | L1089: =$B$1 -> 2.5 | M1089: =$B$2 -> -1 | O1089: =1+((0.5*$B$6*$B$21/$B$5)*$D$33*$B$28*$I1089) -> 2.0983418 | P1089: =1+((0.5*$B$6*$B$21/$B$5)*$E$33*$B$28*$I1089) -> 1.792722 | Q1089: =1+((0.5*$B$6*$B$21/$B$5)*$F$33*$B$28*$I1089) -> 1.396361 | R1089: =1-((0.5*$B$6*$B$21/$B$5)*$F$33*$B$28*$I1089) -> 0.603639 | S1089: =1-((0.5*$B$6*$B$21/$B$5)*$E$33*$B$28*$I1089) -> 0.207278 | T1089: =1-((0.5*$B$6*$B$21/$B$5)*$D$33*$B$28*$I1089) -> -0.098341844
I1090: =I1089+0.1 -> 108.8 | L1090: =$B$1 -> 2.5 | M1090: =$B$2 -> -1 | O1090: =1+((0.5*$B$6*$B$21/$B$5)*$D$33*$B$28*$I1090) -> 2.0993523 | P1090: =1+((0.5*$B$6*$B$21/$B$5)*$E$33*$B$28*$I1090) -> 1.7934513 | Q1090: =1+((0.5*$B$6*$B$21/$B$5)*$F$33*$B$28*$I1090) -> 1.3967256 | R1090: =1-((0.5*$B$6*$B$21/$B$5)*$F$33*$B$28*$I1090) -> 0.60327436 | S1090: =1-((0.5*$B$6*$B$21/$B$5)*$E$33*$B$28*$I1090) -> 0.20654873 | T1090: =1-((0.5*$B$6*$B$21/$B$5)*$D$33*$B$28*$I1090) -> -0.099352279
I1091: =I1090+0.1 -> 108.9 | L1091: =$B$1 -> 2.5 | M1091: =$B$2 -> -1 | O1091: =1+((0.5*$B$6*$B$21/$B$5)*$D$33*$B$28*$I1091) -> 2.1003627 | P1091: =1+((0.5*$B$6*$B$21/$B$5)*$E$33*$B$28*$I1091) -> 1.7941805 | Q1091: =1+((0.5*$B$6*$B$21/$B$5)*$F$33*$B$28*$I1091) -> 1.3970903 | R1091: =1-((0.5*$B$6*$B$21/$B$5)*$F$33*$B$28*$I1091) -> 0.60290973 | S1091: =1-((0.5*$B$6*$B$21/$B$5)*$E$33*$B$28*$I1091) -> 0.20581945 | T1091: =1-((0.5*$B$6*$B$21/$B$5)*$D$33*$B$28*$I1091) -> -0.10036271
I1092: =I1091+0.1 -> 109 | L1092: =$B$1 -> 2.5 | M1092: =$B$2 -> -1 | O1092: =1+((0.5*$B$6*$B$21/$B$5)*$D$33*$B$28*$I1092) -> 2.1013731 | P1092: =1+((0.5*$B$6*$B$21/$B$5)*$E$33*$B$28*$I1092) -> 1.7949098 | Q1092: =1+((0.5*$B$6*$B$21/$B$5)*$F$33*$B$28*$I1092) -> 1.3974549 | R1092: =1-((0.5*$B$6*$B$21/$B$5)*$F$33*$B$28*$I1092) -> 0.60254509 | S1092: =1-((0.5*$B$6*$B$21/$B$5)*$E$33*$B$28*$I1092) -> 0.20509018 | T1092: =1-((0.5*$B$6*$B$21/$B$5)*$D$33*$B$28*$I1092) -> -0.10137315
I1093: =I1092+0.1 -> 109.1 | L1093: =$B$1 -> 2.5 | M1093: =$B$2 -> -1 | O1093: =1+((0.5*$B$6*$B$21/$B$5)*$D$33*$B$28*$I1093) -> 2.1023836 | P1093: =1+((0.5*$B$6*$B$21/$B$5)*$E$33*$B$28*$I1093) -> 1.7956391 | Q1093: =1+((0.5*$B$6*$B$21/$B$5)*$F$33*$B$28*$I1093) -> 1.3978195 | R1093: =1-((0.5*$B$6*$B$21/$B$5)*$F$33*$B$28*$I1093) -> 0.60218045 | S1093: =1-((0.5*$B$6*$B$21/$B$5)*$E$33*$B$28*$I1093) -> 0.2043609 | T1093: =1-((0.5*$B$6*$B$21/$B$5)*$D$33*$B$28*$I1093) -> -0.10238358
I1094: =I1093+0.1 -> 109.2 | L1094: =$B$1 -> 2.5 | M1094: =$B$2 -> -1 | O1094: =1+((0.5*$B$6*$B$21/$B$5)*$D$33*$B$28*$I1094) -> 2.103394 | P1094: =1+((0.5*$B$6*$B$21/$B$5)*$E$33*$B$28*$I1094) -> 1.7963684 | Q1094: =1+((0.5*$B$6*$B$21/$B$5)*$F$33*$B$28*$I1094) -> 1.3981842 | R1094: =1-((0.5*$B$6*$B$21/$B$5)*$F$33*$B$28*$I1094) -> 0.60181581 | S1094: =1-((0.5*$B$6*$B$21/$B$5)*$E$33*$B$28*$I1094) -> 0.20363163 | T1094: =1-((0.5*$B$6*$B$21/$B$5)*$D$33*$B$28*$I1094) -> -0.10339401
I1095: =I1094+0.1 -> 109.3 | L1095: =$B$1 -> 2.5 | M1095: =$B$2 -> -1 | O1095: =1+((0.5*$B$6*$B$21/$B$5)*$D$33*$B$28*$I1095) -> 2.1044044 | P1095: =1+((0.5*$B$6*$B$21/$B$5)*$E$33*$B$28*$I1095) -> 1.7970976 | Q1095: =1+((0.5*$B$6*$B$21/$B$5)*$F$33*$B$28*$I1095) -> 1.3985488 | R1095: =1-((0.5*$B$6*$B$21/$B$5)*$F$33*$B$28*$I1095) -> 0.60145118 | S1095: =1-((0.5*$B$6*$B$21/$B$5)*$E$33*$B$28*$I1095) -> 0.20290235 | T1095: =1-((0.5*$B$6*$B$21/$B$5)*$D$33*$B$28*$I1095) -> -0.10440445
I1096: =I1095+0.1 -> 109.4 | L1096: =$B$1 -> 2.5 | M1096: =$B$2 -> -1 | O1096: =1+((0.5*$B$6*$B$21/$B$5)*$D$33*$B$28*$I1096) -> 2.1054149 | P1096: =1+((0.5*$B$6*$B$21/$B$5)*$E$33*$B$28*$I1096) -> 1.7978269 | Q1096: =1+((0.5*$B$6*$B$21/$B$5)*$F$33*$B$28*$I1096) -> 1.3989135 | R1096: =1-((0.5*$B$6*$B$21/$B$5)*$F$33*$B$28*$I1096) -> 0.60108654 | S1096: =1-((0.5*$B$6*$B$21/$B$5)*$E$33*$B$28*$I1096) -> 0.20217308 | T1096: =1-((0.5*$B$6*$B$21/$B$5)*$D$33*$B$28*$I1096) -> -0.10541488
... I2002: =I2001+0.1 -> 200 | L2002: =$B$1 -> 2.5 | M2002: =$B$2 -> -1 | O2002: =1+((0.5*$B$6*$B$21/$B$5)*$D$33*$B$28*$I2002) -> 3.0208682 | P2002: =1+((0.5*$B$6*$B$21/$B$5)*$E$33*$B$28*$I2002) -> 2.4585501 | Q2002: =1+((0.5*$B$6*$B$21/$B$5)*$F$33*$B$28*$I2002) -> 1.7292751 | R2002: =1-((0.5*$B$6*$B$21/$B$5)*$F$33*$B$28*$I2002) -> 0.27072493 | S2002: =1-((0.5*$B$6*$B$21/$B$5)*$E$33*$B$28*$I2002) -> -0.45855013 | T2002: =1-((0.5*$B$6*$B$21/$B$5)*$D$33*$B$28*$I2002) -> -1.0208682

Sheet Loading diagram
E1: u^ high angle | F1: =66+((38-66)/(50000-20000))*(B17-20000) -> 51.066667 | G1: f/s | H1: =CONVERT(F1,"ft","m") -> 15.56512 | I1: m/s | J1: 20.1168 | K1: m/s | L1: =J1*SQRT(B$9/B$8) -> 10.983786 | M1: EAS | N1: mu | O1: =(2*B7)/(B9*F9*F10*B11) -> 32.655365 | P1: coeff1 | Q1: =O$4*J1 -> 0.0069401906 | AV1: V_B | AW1: 74.199281 | AX1: m/s
E2: u^ cruise | F2: =50+((25-50)/(50000-20000))*(B17-20000) -> 36.666667 | G2: f/s | H2: =CONVERT(F2,"ft","m") -> 11.176 | I2: m/s | J2: 16.77 | K2: m/s | L2: =J2*SQRT(B$9/B$8) -> 9.1564311 | M2: EAS | N2: K | O2: =(0.88*O1)/(5.3+O1) -> 0.75711882 | P2: coeff2 | Q2: =O$4*J2 -> 0.0057855621 | AV2: V_B_req | AW2: 95.613317 | AX2: m/s
A3: n_max | B3: 2.5 | E3: u^ dive speed | F3: =25+((12.5-25)/(50000-20000))*(B17-20000) -> 18.333333 | G3: f/s | H3: =CONVERT(F3,"ft","m") -> 5.588 | I3: m/s | J3: 6.23 | K3: m/s | L3: =J3*SQRT(B$9/B$8) -> 3.4015841 | M3: EAS | N3: coeff | O3: =(0.5*B8*F10)/B7 -> 0.0015284883 | P3: coeff3 | Q3: =O$4*J3 -> 0.0021493173
A4: n_min | B4: -1 | E4: Vs | F4: =CONVERT(B21,"m","ft") -> 150.96719 | G4: ft/s | H4: =CONVERT(F4,"ft","m") -> 46.0148 | I4: m/s | J4: =F4*0.592484 -> 89.445646 | K4: knots | N4: total*EAS^2 | O4: =O2*O3*(B9/B8) -> 0.00034499476 | P4: coeff1 | Q4: =O$4*J1*-1 -> -0.0069401906 | AV4: V_6 | AW4: 273.72602
A5: Clmax_clean | B5: ='TW and WS'!N20 -> 1.7349276 | C5: BWB0.85 | P5: coeff2 | Q5: =O$4*J2*-1 -> -0.0057855621
A6: Clmax_flaps | B6: ='TW and WS'!N18 -> 1.5104301 | C6: BOX2.70 | E6: c0.5 | F6: ='Wing Design'!L3 -> 0.51997309 | G6: density cruise | H6: ='TW and WS'!$E$29*0.00194032033 -> 0.00070859138 | I6: slugs/ft3 | P6: coeff3 | Q6: =O$4*J3*-1 -> -0.0021493173
A7: W/s | B7: ='TW and WS'!I17 -> 2250 | E7: A | F7: ='Wing Design'!F8 -> 9.1323969 | G7: MAC | H7: =CONVERT(F9,"m","ft") -> 22.483368 | I7: ft
A8: density ISA0 | B8: ='TW and WS'!B32 -> 1.225 | E8: beta | F8: =SQRT(1-'TW and WS'!E15^2) -> 0.6 | G8: g | H8: =CONVERT(B11,"m","ft") -> 32.174049 | I8: ft/sec2
A9: density Cruise | B9: ='TW and WS'!E29 -> 0.36519299 | E9: MAC | F9: ='Wing Design'!M3 -> 6.8529304 | G9: a | H9: =F10 -> 5.6148549 | I9: 1/rad
A10: Surface area | B10: ='TW and WS'!I18 -> 352.99727 | C10: unused | E10: dCl/da | F10: =(2*PI()*F7)/(2+SQRT(4+((F7*F8)/(0.95))^2*(1+(TAN(F6)^2)/F8^2))) -> 5.6148549 | G10: w | H10: =B7*0.0208854 -> 46.99215 | I10: lbs/ft2
A11: g | B11: 9.80665 | E11: mu | F11: =(2*B7)/(B8*B11*F9*F10) -> 9.7351106 | G11: mu | H11: =(2*$H$10)/($H$6*$H$7*$H$9*$H$8) -> 32.655312 | M11: =IF(J4*((1+(H17*F1*J18*H9)/(498*H10))^0.5)<F4*SQRT(B3),F4*SQRT(B3),J4*((1+(H17*F1*J18*H9)/(498*H10))^0.5)) -> 238.70009
A12: R | B12: 287.15 | E12: K | F12: =(0.88*F11)/(5.3+F11) -> 0.56979277 | G12: Kg | H12: =(0.88*H11)/(5.3+H11) -> 0.75711865 | R12: n1 | S12: n2 | T12: n3 | U12: n1- | V12: n2- | W12: n3- | X12: nB | AV12: Vfor man | AY12: Vfor gust | AZ12: n1 | BA12: n2 | BB12: n3 | BC12: n4 | BD12: n5 | BE12: n6 | BF12: nB
A13: gamma | B13: 1.4 | Q13: 0 | R13: =1+(Q$1*Q13) -> 1 | S13: =1+(Q$2*Q13) -> 1 | T13: =1+(Q$3*Q13) -> 1 | U13: =1+(Q$4*Q13) -> 1 | V13: =1+(Q$5*Q13) -> 1 | W13: =1+(Q$6*Q13) -> 1 | X13: =(Q13/B$21)^2 -> 0 | AV13: 0 | AW13: 0 | AX13: 0 | AY13: 0 | AZ13: 1 | BA13: 1 | BB13: 1 | BC13: 1 | BD13: 1 | BE13: 1 | BF13: 0
A14: T cruise | B14: ='TW and WS'!E27 -> 216.8268 | C14: K | Q14: =Q13+5 -> 5 | R14: =1+(Q$1*Q14) -> 1.034701 | S14: =1+(Q$2*Q14) -> 1.0289278 | T14: =1+(Q$3*Q14) -> 1.0107466 | U14: =1+(Q$4*Q14) -> 0.96529905 | V14: =1+(Q$5*Q14) -> 0.97107219 | W14: =1+(Q$6*Q14) -> 0.98925341 | X14: =(Q14/B$21)^2 -> 0.011807146 | AV14: 5 | AW14: 0.005338606 | AX14: 0.008192671 | AY14: 5 | AZ14: 1.011838 | BA14: 1.013513 | BB14: 1.0067565 | BC14: 0.9932435 | BD14: 0.986487 | BE14: 0.98816195 | BF14: 0.005338606
A15: speed of sound cruise | B15: =SQRT(B13*B12*B14) -> 295.2398 | C15: m/s | F15: density kg/m3 | G15: mu | H15: K | I15: u | J15: V_EAS ft/s | K15: V_EAS m/s | L15: deltaN | M15: n | Q15: =Q14+5 -> 10 | R15: =1+(Q$1*Q15) -> 1.0694019 | S15: =1+(Q$2*Q15) -> 1.0578556 | T15: =1+(Q$3*Q15) -> 1.0214932 | U15: =1+(Q$4*Q15) -> 0.93059809 | V15: =1+(Q$5*Q15) -> 0.94214438 | W15: =1+(Q$6*Q15) -> 0.97850683 | X15: =(Q15/B$21)^2 -> 0.047228584 | AV15: 10 | AW15: 0.021354424 | AX15: 0.032770683 | AY15: 10 | AZ15: 1.0236761 | BA15: 1.027026 | BB15: 1.013513 | BC15: 0.986487 | BD15: 0.97297399 | BE15: 0.9763239 | BF15: 0.021354424
A16: Cruise altitude | B16: ='TW and WS'!E16 -> 10972.8 | C16: m | K16: 0 | M16: 1 | Q16: =Q15+5 -> 15 | R16: =1+(Q$1*Q16) -> 1.1041029 | S16: =1+(Q$2*Q16) -> 1.0867834 | T16: =1+(Q$3*Q16) -> 1.0322398 | U16: =1+(Q$4*Q16) -> 0.89589714 | V16: =1+(Q$5*Q16) -> 0.91321657 | W16: =1+(Q$6*Q16) -> 0.96776024 | X16: =(Q16/B$21)^2 -> 0.10626431 | AV16: 15 | AW16: 0.048047454 | AX16: 0.073734036 | AY16: 15 | AZ16: 1.0355141 | BA16: 1.040539 | BB16: 1.0202695 | BC16: 0.97973049 | BD16: 0.95946098 | BE16: 0.96448586 | BF16: 0.048047454
A17: Cruise altitude | B17: ='TW and WS'!C16 -> 36000 | C17: ft | E17: Vb | F17: ='TW and WS'!$E$29 -> 0.36519299 | G17: =(2*$H$10)/($H$6*$H$7*$H$9*$H$8) -> 32.655312 | H17: =(0.88*G17)/(5.3+G17) -> 0.75711865 | I17: =H17*H1 -> 11.784643 | J17: =J4*((1+(H17*F1*J18*H9)/(498*H10))^0.5) -> 198.48611 | K17: =CONVERT(J17,"ft","m") -> 60.498567 | L17: =0.5*(($B$8*$H$9)/($B$7))*K17*I17 -> 1.0897418 | M17: =1+L17 -> 2.0897418 | Q17: =Q16+5 -> 20 | R17: =1+(Q$1*Q17) -> 1.1388038 | S17: =1+(Q$2*Q17) -> 1.1157112 | T17: =1+(Q$3*Q17) -> 1.0429863 | U17: =1+(Q$4*Q17) -> 0.86119619 | V17: =1+(Q$5*Q17) -> 0.88428876 | W17: =1+(Q$6*Q17) -> 0.95701365 | X17: =(Q17/B$21)^2 -> 0.18891433 | AV17: 20 | AW17: 0.085417696 | AX17: 0.13108273 | AY17: 20 | AZ17: 1.0473522 | BA17: 1.054052 | BB17: 1.027026 | BC17: 0.97297399 | BD17: 0.94594798 | BE17: 0.95264781 | BF17: 0.085417696
A18: Vc_TAS | B18: ='TW and WS'!C15*'Loading diagram'!B15 -> 236.19184 | C18: m/s | E18: Vc | F18: ='TW and WS'!$E$29 -> 0.36519299 | G18: =(2*$H$10)/($H$6*$H$7*$H$9*$H$8) -> 32.655312 | H18: =(0.88*G18)/(5.3+G18) -> 0.75711865 | I18: =H18*H2 -> 8.461558 | J18: =CONVERT(B19,"m","ft") -> 423.03229 | K18: =CONVERT(J18,"ft","m") -> 128.94024 | L18: =0.5*(($B$8*$H$9)/($B$7))*K18*I18 -> 1.6676347 | M18: =1+L18 -> 2.6676347 | Q18: =Q17+5 -> 25 | R18: =1+(Q$1*Q18) -> 1.1735048 | S18: =1+(Q$2*Q18) -> 1.1446391 | T18: =1+(Q$3*Q18) -> 1.0537329 | U18: =1+(Q$4*Q18) -> 0.82649524 | V18: =1+(Q$5*Q18) -> 0.85536095 | W18: =1+(Q$6*Q18) -> 0.94626707 | X18: =(Q18/B$21)^2 -> 0.29517865 | AV18: 25 | AW18: 0.13346515 | AX18: 0.20481677 | AY18: 25 | AZ18: 1.0591902 | BA18: 1.067565 | BB18: 1.0337825 | BC18: 0.96621749 | BD18: 0.93243498 | BE18: 0.94080976 | BF18: 0.13346515
A19: Vc_EAS | B19: ='TW and WS'!E31*SQRT(B9/B8) -> 128.94024 | C19: m/s | E19: Vd | F19: ='TW and WS'!$E$29 -> 0.36519299 | G19: =(2*$H$10)/($H$6*$H$7*$H$9*$H$8) -> 32.655312 | H19: =(0.88*G19)/(5.3+G19) -> 0.75711865 | I19: =H19*H3 -> 4.230779 | J19: =CONVERT(B20,"m","ft") -> 449.54383 | K19: =CONVERT(J19,"ft","m") -> 137.02096 | L19: =0.5*(($B$8*$H$9)/($B$7))*K19*I19 -> 0.88607291 | M19: =1+L19 -> 1.8860729 | Q19: =Q18+5 -> 30 | R19: =1+(Q$1*Q19) -> 1.2082057 | S19: =1+(Q$2*Q19) -> 1.1735669 | T19: =1+(Q$3*Q19) -> 1.0644795 | U19: =1+(Q$4*Q19) -> 0.79179428 | V19: =1+(Q$5*Q19) -> 0.82643314 | W19: =1+(Q$6*Q19) -> 0.93552048 | X19: =(Q19/B$21)^2 -> 0.42505725 | AV19: 30 | AW19: 0.19218982 | AX19: 0.29493614 | AY19: 30 | AZ19: 1.0710283 | BA19: 1.081078 | BB19: 1.040539 | BC19: 0.95946098 | BD19: 0.91892197 | BE19: 0.92897171 | BF19: 0.19218982
A20: Vd_EAS | B20: =0.85*($B$15)*SQRT(B9/B8) -> 137.02096 | C20: m/s | D20: =('TW and WS'!C15+0.05)*'Loading diagram'!B15*SQRT(B9/B8) -> 137.02096 | E20: Vd | F20: ='TW and WS'!$E$29 -> 0.36519299 | G20: =(2*$H$10)/($H$6*$H$7*$H$9*$H$8) -> 32.655312 | H20: =(0.88*G20)/(5.3+G20) -> 0.75711865 | I20: =H20*H3 -> 4.230779 | J20: =CONVERT(B20,"m","ft") -> 449.54383 | K20: =CONVERT(J20,"ft","m") -> 137.02096 | L20: =-0.5*(($B$8*$H$9)/($B$7))*K20*I20 -> -0.88607291 | M20: =1+L20 -> 0.11392709 | Q20: =Q19+5 -> 35 | R20: =1+(Q$1*Q20) -> 1.2429067 | S20: =1+(Q$2*Q20) -> 1.2024947 | T20: =1+(Q$3*Q20) -> 1.0752261 | U20: =1+(Q$4*Q20) -> 0.75709333 | V20: =1+(Q$5*Q20) -> 0.79750533 | W20: =1+(Q$6*Q20) -> 0.92477389 | X20: =(Q20/B$21)^2 -> 0.57855015 | AV20: 35 | AW20: 0.2615917 | AX20: 0.40144086 | AY20: 35 | AZ20: 1.0828663 | BA20: 1.094591 | BB20: 1.0472955 | BC20: 0.95270448 | BD20: 0.90540897 | BE20: 0.91713366 | BF20: 0.2615917
A21: Vs_EAS | B21: =SQRT(B7/(0.5*B9*B5))*SQRT(B9/B8) -> 46.0148 | C21: m/s | E21: Vc | F21: ='TW and WS'!$E$29 -> 0.36519299 | G21: =(2*$H$10)/($H$6*$H$7*$H$9*$H$8) -> 32.655312 | H21: =(0.88*G21)/(5.3+G21) -> 0.75711865 | I21: =H21*H2 -> 8.461558 | J21: =CONVERT(B19,"m","ft") -> 423.03229 | K21: =CONVERT(J21,"ft","m") -> 128.94024 | L21: =-0.5*(($B$8*$H$9)/($B$7))*K21*I21 -> -1.6676347 | M21: =1+L21 -> -0.66763473 | Q21: =Q20+5 -> 40 | R21: =1+(Q$1*Q21) -> 1.2776076 | S21: =1+(Q$2*Q21) -> 1.2314225 | T21: =1+(Q$3*Q21) -> 1.0859727 | U21: =1+(Q$4*Q21) -> 0.72239238 | V21: =1+(Q$5*Q21) -> 0.76857752 | W21: =1+(Q$6*Q21) -> 0.91402731 | X21: =(Q21/B$21)^2 -> 0.75565734 | AV21: 40 | AW21: 0.34167079 | AX21: 0.52433092 | AY21: 40 | AZ21: 1.0947044 | BA21: 1.108104 | BB21: 1.054052 | BC21: 0.94594798 | BD21: 0.89189596 | BE21: 0.90529562 | BF21: 0.34167079
A22: Va_EAS | B22: =B21*SQRT(B3) -> 72.755787 | C22: m/s | E22: Vb | F22: ='TW and WS'!$E$29 -> 0.36519299 | G22: =(2*$H$10)/($H$6*$H$7*$H$9*$H$8) -> 32.655312 | H22: =(0.88*G22)/(5.3+G22) -> 0.75711865 | I22: =H22*H1 -> 11.784643 | J22: =J4*((1+(H17*F1*J18*H9)/(498*H10))^0.5) -> 198.48611 | K22: =CONVERT(J22,"ft","m") -> 60.498567 | L22: =-0.5*(($B$8*$H$9)/($B$7))*K22*I22 -> -1.0897418 | M22: =1+L22 -> -0.089741812 | Q22: =Q21+5 -> 45 | R22: =1+(Q$1*Q22) -> 1.3123086 | S22: =1+(Q$2*Q22) -> 1.2603503 | T22: =1+(Q$3*Q22) -> 1.0967193 | U22: =1+(Q$4*Q22) -> 0.68769143 | V22: =1+(Q$5*Q22) -> 0.73964971 | W22: =1+(Q$6*Q22) -> 0.90328072 | X22: =(Q22/B$21)^2 -> 0.95637882 | AV22: 45 | AW22: 0.43242709 | AX22: 0.66360632 | AY22: 45 | AZ22: 1.1065424 | BA22: 1.121617 | BB22: 1.0608085 | BC22: 0.93919148 | BD22: 0.87838296 | BE22: 0.89345757 | BF22: 0.43242709
K23: 0 | M23: 1 | Q23: =Q22+5 -> 50 | R23: =1+(Q$1*Q23) -> 1.3470095 | S23: =1+(Q$2*Q23) -> 1.2892781 | T23: =1+(Q$3*Q23) -> 1.1074659 | U23: =1+(Q$4*Q23) -> 0.65299047 | V23: =1+(Q$5*Q23) -> 0.7107219 | W23: =1+(Q$6*Q23) -> 0.89253413 | X23: =(Q23/B$21)^2 -> 1.1807146 | AV23: 50 | AW23: 0.5338606 | AX23: 0.81926706 | AY23: 50 | AZ23: 1.1183805 | BA23: 1.13513 | BB23: 1.067565 | BC23: 0.93243498 | BD23: 0.86486995 | BE23: 0.88161952 | BF23: 0.5338606
A24: 0 | B24: =(0.5*$B$8*A24^2*$B$5)/$B$7 -> 0 | C24: 0 | Q24: =Q23+5 -> 55 | R24: =1+(Q$1*Q24) -> 1.3817105 | S24: =1+(Q$2*Q24) -> 1.3182059 | T24: =1+(Q$3*Q24) -> 1.1182125 | U24: =1+(Q$4*Q24) -> 0.61828952 | V24: =1+(Q$5*Q24) -> 0.68179408 | W24: =1+(Q$6*Q24) -> 0.88178755 | X24: =(Q24/B$21)^2 -> 1.4286647 | AV24: 55 | AW24: 0.64597133 | AX24: 0.99131315 | AY24: 55 | AZ24: 1.1302185 | BA24: 1.1486431 | BB24: 1.0743215 | BC24: 0.92567847 | BD24: 0.85135695 | BE24: 0.86978147 | BF24: 0.64597133
A25: =A24+5 -> 5 | B25: =(0.5*$B$8*A25^2*$B$5)/$B$7 -> 0.011807146 | C25: =(1/2*$B$8*A25^2*$B$6)/$B$7 -> 0.010279316 | Q25: =Q24+5 -> 60 | R25: =1+(Q$1*Q25) -> 1.4164114 | S25: =1+(Q$2*Q25) -> 1.3471337 | T25: =1+(Q$3*Q25) -> 1.128959 | U25: =1+(Q$4*Q25) -> 0.58358857 | V25: =1+(Q$5*Q25) -> 0.65286627 | W25: =1+(Q$6*Q25) -> 0.87104096 | X25: =(Q25/B$21)^2 -> 1.700229 | AV25: 60 | AW25: 0.76875927 | AX25: 1 | AY25: 60 | AZ25: 1.1420566 | BA25: 1.1621561 | BB25: 1.081078 | BC25: 0.91892197 | BD25: 0.83784394 | BE25: 0.85794342 | BF25: 0.76875927
A26: =A25+5 -> 10 | B26: =(0.5*$B$8*A26^2*$B$5)/$B$7 -> 0.047228584 | C26: =(1/2*$B$8*A26^2*$B$6)/$B$7 -> 0.041117263 | Q26: =Q25+5 -> 65 | R26: =1+(Q$1*Q26) -> 1.4511124 | S26: =1+(Q$2*Q26) -> 1.3760615 | T26: =1+(Q$3*Q26) -> 1.1397056 | U26: =1+(Q$4*Q26) -> 0.54888761 | V26: =1+(Q$5*Q26) -> 0.62393846 | W26: =1+(Q$6*Q26) -> 0.86029437 | X26: =(Q26/B$21)^2 -> 1.9954077 | AV26: 65 | AW26: 0.90222442 | AX26: 1 | AY26: 65 | AZ26: 1.1538946 | BA26: 1.1756691 | BB26: 1.0878345 | BC26: 0.91216547 | BD26: 0.82433094 | BE26: 0.84610538 | BF26: 0.90222442
A27: =A26+5 -> 15 | B27: =(0.5*$B$8*A27^2*$B$5)/$B$7 -> 0.10626431 | C27: =(1/2*$B$8*A27^2*$B$6)/$B$7 -> 0.092513842 | Q27: 67.5 | R27: =1+(Q$1*Q27) -> 1.4684629 | S27: =1+(Q$2*Q27) -> 1.3905254 | T27: =1+(Q$3*Q27) -> 1.1450789 | U27: =1+(Q$4*Q27) -> 0.53153714 | V27: =1+(Q$5*Q27) -> 0.60947456 | W27: =1+(Q$6*Q27) -> 0.85492108 | X27: =(Q27/B$21)^2 -> 2.1518523 | AV27: 67.5 | AW27: 0.97296095 | AX27: 1 | AY27: 67.5 | AZ27: 1.1598136 | BA27: 1.1824256 | BB27: 1.0912128 | BC27: 0.90878722 | BD27: 0.81757444 | BE27: 0.84018635 | BF27: 0.97296095
A28: =A27+5 -> 20 | B28: =(0.5*$B$8*A28^2*$B$5)/$B$7 -> 0.18891433 | C28: =(1/2*$B$8*A28^2*$B$6)/$B$7 -> 0.16446905 | Q28: 68.5 | R28: =1+(Q$1*Q28) -> 1.4754031 | S28: =1+(Q$2*Q28) -> 1.396311 | T28: =1+(Q$3*Q28) -> 1.1472282 | U28: =1+(Q$4*Q28) -> 0.52459695 | V28: =1+(Q$5*Q28) -> 0.603689 | W28: =1+(Q$6*Q28) -> 0.85277176 | X28: =(Q28/B$21)^2 -> 2.2160832 | AV28: 68.5 | AW28: 1.002003 | AX28: 1 | AY28: 68.5 | AZ28: 1.1621813 | BA28: 1.1851282 | BB28: 1.0925641 | BC28: 0.90743592 | BD28: 0.81487183 | BE28: 0.83781874 | BF28: 1.002003
A29: =A28+5 -> 25 | B29: =(0.5*$B$8*A29^2*$B$5)/$B$7 -> 0.29517865 | C29: =(1/2*$B$8*A29^2*$B$6)/$B$7 -> 0.2569829 | Q29: =Q26+5 -> 70 | R29: =1+(Q$1*Q29) -> 1.4858133 | S29: =1+(Q$2*Q29) -> 1.4049893 | T29: =1+(Q$3*Q29) -> 1.1504522 | U29: =1+(Q$4*Q29) -> 0.51418666 | V29: =1+(Q$5*Q29) -> 0.59501065 | W29: =1+(Q$6*Q29) -> 0.84954779 | X29: =(Q29/B$21)^2 -> 2.3142006 | AV29: 70 | AW29: 1.0463668 | AY29: 70 | AZ29: 1.1657327 | BA29: 1.1891821 | BB29: 1.094591 | BC29: 0.90540897 | BD29: 0.81081793 | BE29: 0.83426733 | BF29: 1.0463668
A30: =A29+5 -> 30 | B30: =(0.5*$B$8*A30^2*$B$5)/$B$7 -> 0.42505725 | C30: =(1/2*$B$8*A30^2*$B$6)/$B$7 -> 0.37005537 | Q30: =Q29+5 -> 75 | R30: =1+(Q$1*Q30) -> 1.5205143 | S30: =1+(Q$2*Q30) -> 1.4339172 | T30: =1+(Q$3*Q30) -> 1.1611988 | U30: =1+(Q$4*Q30) -> 0.47948571 | V30: =1+(Q$5*Q30) -> 0.56608284 | W30: =1+(Q$6*Q30) -> 0.8388012 | X30: =(Q30/B$21)^2 -> 2.6566078 | AV30: 75 | AW30: 1.2011864 | AY30: 75 | AZ30: 1.1775707 | BA30: 1.2026951 | BB30: 1.1013475 | BC30: 0.89865246 | BD30: 0.79730493 | BE30: 0.82242928 | BF30: 1.2011864
A31: =A30+5 -> 35 | B31: =(0.5*$B$8*A31^2*$B$5)/$B$7 -> 0.57855015 | C31: =(1/2*$B$8*A31^2*$B$6)/$B$7 -> 0.50368648 | Q31: =Q30+5 -> 80 | R31: =1+(Q$1*Q31) -> 1.5552152 | S31: =1+(Q$2*Q31) -> 1.462845 | T31: =1+(Q$3*Q31) -> 1.1719454 | U31: =1+(Q$4*Q31) -> 0.44478476 | V31: =1+(Q$5*Q31) -> 0.53715503 | W31: =1+(Q$6*Q31) -> 0.82805461 | X31: =(Q31/B$21)^2 -> 3.0226293 | AV31: 80 | AW31: 1.3666831 | AY31: 80 | AZ31: 1.1894088 | BA31: 1.2162081 | BB31: 1.108104 | BC31: 0.89189596 | BD31: 0.78379192 | BE31: 0.81059123 | BF31: 1.3666831
A32: =A31+5 -> 40 | B32: =(0.5*$B$8*A32^2*$B$5)/$B$7 -> 0.75565734 | C32: =(1/2*$B$8*A32^2*$B$6)/$B$7 -> 0.65787621 | Q32: =Q31+5 -> 85 | R32: =1+(Q$1*Q32) -> 1.5899162 | S32: =1+(Q$2*Q32) -> 1.4917728 | T32: =1+(Q$3*Q32) -> 1.182692 | U32: =1+(Q$4*Q32) -> 0.4100838 | V32: =1+(Q$5*Q32) -> 0.50822722 | W32: =1+(Q$6*Q32) -> 0.81730803 | X32: =(Q32/B$21)^2 -> 3.4122652 | AV32: 85 | AW32: 1.5428571 | AY32: 85 | AZ32: 1.2012468 | BA32: 1.2297211 | BB32: 1.1148605 | BC32: 0.88513946 | BD32: 0.77027892 | BE32: 0.79875318 | BF32: 1.5428571
A33: =A32+5 -> 45 | B33: =(0.5*$B$8*A33^2*$B$5)/$B$7 -> 0.95637882 | C33: =(1/2*$B$8*A33^2*$B$6)/$B$7 -> 0.83262458 | Q33: =Q32+5 -> 90 | R33: =1+(Q$1*Q33) -> 1.6246171 | S33: =1+(Q$2*Q33) -> 1.5207006 | T33: =1+(Q$3*Q33) -> 1.1934386 | U33: =1+(Q$4*Q33) -> 0.37538285 | V33: =1+(Q$5*Q33) -> 0.47929941 | W33: =1+(Q$6*Q33) -> 0.80656144 | X33: =(Q33/B$21)^2 -> 3.8255153 | AV33: 90 | AW33: 1.7297084 | AY33: 90 | AZ33: 1.2130849 | BA33: 1.2432341 | BB33: 1.121617 | BC33: 0.87838296 | BD33: 0.75676591 | BE33: 0.78691514 | BF33: 1.7297084
A34: =A33+5 -> 50 | B34: =(0.5*$B$8*A34^2*$B$5)/$B$7 -> 1.1807146 | C34: =(1/2*$B$8*A34^2*$B$6)/$B$7 -> 1.0279316 | Q34: =Q33+5 -> 95 | R34: =1+(Q$1*Q34) -> 1.6593181 | S34: =1+(Q$2*Q34) -> 1.5496284 | T34: =1+(Q$3*Q34) -> 1.2041851 | U34: =1+(Q$4*Q34) -> 0.3406819 | V34: =1+(Q$5*Q34) -> 0.4503716 | W34: =1+(Q$6*Q34) -> 0.79581485 | X34: =(Q34/B$21)^2 -> 4.2623797 | AV34: 95 | AW34: 1.9272368 | AY34: 95 | AZ34: 1.2249229 | BA34: 1.2567471 | BB34: 1.1283735 | BC34: 0.87162645 | BD34: 0.74325291 | BE34: 0.77507709 | BF34: 1.9272368
A35: =A34+5 -> 55 | B35: =(0.5*$B$8*A35^2*$B$5)/$B$7 -> 1.4286647 | C35: =(1/2*$B$8*A35^2*$B$6)/$B$7 -> 1.2437972 | Q35: =Q34+5 -> 100 | R35: =1+(Q$1*Q35) -> 1.6940191 | S35: =1+(Q$2*Q35) -> 1.5785562 | T35: =1+(Q$3*Q35) -> 1.2149317 | U35: =1+(Q$4*Q35) -> 0.30598094 | V35: =1+(Q$5*Q35) -> 0.42144379 | W35: =1+(Q$6*Q35) -> 0.78506827 | X35: =(Q35/B$21)^2 -> 4.7228584 | AV35: 100 | AW35: 2.1354424 | AY35: 100 | AZ35: 1.236761 | BA35: 1.2702601 | BB35: 1.13513 | BC35: 0.86486995 | BD35: 0.7297399 | BE35: 0.76323904 | BF35: 2.1354424
A36: =A35+5 -> 60 | B36: =(0.5*$B$8*A36^2*$B$5)/$B$7 -> 1.700229 | C36: 1 | Q36: =Q35+5 -> 105 | R36: =1+(Q$1*Q36) -> 1.72872 | S36: =1+(Q$2*Q36) -> 1.607484 | T36: =1+(Q$3*Q36) -> 1.2256783 | U36: =1+(Q$4*Q36) -> 0.27127999 | V36: =1+(Q$5*Q36) -> 0.39251598 | W36: =1+(Q$6*Q36) -> 0.77432168 | X36: =(Q36/B$21)^2 -> 5.2069513 | AV36: 105 | AW36: 2.3543253 | AY36: 105 | AZ36: 1.248599 | BA36: 1.2837731 | BB36: 1.1418866 | BC36: 0.85811345 | BD36: 0.7162269 | BE36: 0.75140099 | BF36: 2.3543253
A37: =A36+5 -> 65 | B37: =(0.5*$B$8*A37^2*$B$5)/$B$7 -> 1.9954077 | C37: 1 | Q37: =B22 -> 72.755787 | R37: =1+(Q$1*Q37) -> 1.504939 | S37: =1+(Q$2*Q37) -> 1.4209331 | T37: =1+(Q$3*Q37) -> 1.1563753 | U37: =1+(Q$4*Q37) -> 0.49506097 | V37: =1+(Q$5*Q37) -> 0.57906688 | W37: =1+(Q$6*Q37) -> 0.84362472 | X37: =(Q37/B$21)^2 -> 2.5 | AV37: 108.2 | AW37: 2.5 | AY37: 108.1997 | AZ37: 1.2561747 | BA37: 1.2924206 | BB37: 1.1462103 | BC37: 0.85378969 | BD37: 0.70757938 | BE37: 0.74382534 | BF37: 2.5
A38: 67.5 | B38: =(0.5*$B$8*A38^2*$B$5)/$B$7 -> 2.1518523 | C38: 1 | Q38: =B22 -> 72.755787 | R38: =1+(Q$1*Q38) -> 1.504939 | S38: =1+(Q$2*Q38) -> 1.4209331 | T38: =1+(Q$3*Q38) -> 1.1563753 | U38: =1+(Q$4*Q38) -> 0.49506097 | V38: =1+(Q$5*Q38) -> 0.57906688 | W38: =1+(Q$6*Q38) -> 0.84362472 | X38: =(Q38/B$21)^2 -> 2.5 | AV38: 108.2 | AW38: 2.5 | AY38: 108.1997 | AZ38: 1.2561747 | BA38: 1.2924206 | BB38: 1.1462103 | BC38: 0.85378969 | BD38: 0.70757938 | BE38: 0.74382534 | BF38: 2.5
A39: 68.5 | B39: =(0.5*$B$8*A39^2*$B$5)/$B$7 -> 2.2160832 | C39: 1 | Q39: =Q36+5 -> 110 | R39: =1+(Q$1*Q39) -> 1.763421 | S39: =1+(Q$2*Q39) -> 1.6364118 | T39: =1+(Q$3*Q39) -> 1.2364249 | U39: =1+(Q$4*Q39) -> 0.23657904 | V39: =1+(Q$5*Q39) -> 0.36358817 | W39: =1+(Q$6*Q39) -> 0.76357509 | X39: =(Q39/B$21)^2 -> 5.7146586 | AV39: 181.25 | AW39: 2.5 | AY39: 110 | AZ39: 1.2604371 | BA39: 1.2972861 | BB39: 1.1486431 | BC39: 0.85135695 | BD39: 0.70271389 | BE39: 0.73956294 | BF39: 2.5838853
A40: =A37+5 -> 70 | B40: =(0.5*$B$8*A40^2*$B$5)/$B$7 -> 2.3142006 | Q40: =Q39+5 -> 115 | R40: =1+(Q$1*Q40) -> 1.7981219 | S40: =1+(Q$2*Q40) -> 1.6653396 | T40: =1+(Q$3*Q40) -> 1.2471715 | U40: =1+(Q$4*Q40) -> 0.20187809 | V40: =1+(Q$5*Q40) -> 0.33466036 | W40: =1+(Q$6*Q40) -> 0.75282851 | X40: =(Q40/B$21)^2 -> 6.2459802 | AV40: 181.25 | AW40: 0 | AY40: 115 | AZ40: 1.2722751 | BA40: 1.3107991 | BB40: 1.1553996 | BC40: 0.84460044 | BD40: 0.68920089 | BE40: 0.7277249 | BF40: 2.8241226
A41: =A40+5 -> 75 | B41: =(0.5*$B$8*A41^2*$B$5)/$B$7 -> 2.6566078 | Q41: =Q40+5 -> 120 | R41: =1+(Q$1*Q41) -> 1.8328229 | S41: =1+(Q$2*Q41) -> 1.6942675 | T41: =1+(Q$3*Q41) -> 1.2579181 | U41: =1+(Q$4*Q41) -> 0.16717713 | V41: =1+(Q$5*Q41) -> 0.30573255 | W41: =1+(Q$6*Q41) -> 0.74208192 | X41: =(Q41/B$21)^2 -> 6.800916 | AV41: 145 | AW41: -1 | AY41: 120 | AZ41: 1.2841132 | BA41: 1.3243121 | BB41: 1.1621561 | BC41: 0.83784394 | BD41: 0.67568788 | BE41: 0.71588685 | BF41: 3.0750371
A42: =A41+5 -> 80 | B42: =(0.5*$B$8*A42^2*$B$5)/$B$7 -> 3.0226293 | Q42: =Q41+5 -> 125 | R42: =1+(Q$1*Q42) -> 1.8675238 | S42: =1+(Q$2*Q42) -> 1.7231953 | T42: =1+(Q$3*Q42) -> 1.2686647 | U42: =1+(Q$4*Q42) -> 0.13247618 | V42: =1+(Q$5*Q42) -> 0.27680474 | W42: =1+(Q$6*Q42) -> 0.73133533 | X42: =(Q42/B$21)^2 -> 7.3794662 | AV42: 68.43 | AW42: -1 | AY42: 125 | AZ42: 1.2959512 | BA42: 1.3378251 | BB42: 1.1689126 | BC42: 0.83108744 | BD42: 0.66217488 | BE42: 0.7040488 | BF42: 3.3366288
A43: =A42+5 -> 85 | B43: =(0.5*$B$8*A43^2*$B$5)/$B$7 -> 3.4122652 | Q43: =Q42+5 -> 130 | R43: =1+(Q$1*Q43) -> 1.9022248 | S43: =1+(Q$2*Q43) -> 1.7521231 | T43: =1+(Q$3*Q43) -> 1.2794113 | U43: =1+(Q$4*Q43) -> 0.097775228 | V43: =1+(Q$5*Q43) -> 0.24787693 | W43: =1+(Q$6*Q43) -> 0.72058875 | X43: =(Q43/B$21)^2 -> 7.9816306 | AV43: 65 | AW43: -0.90222442 | AY43: 130 | AZ43: 1.3077892 | BA43: 1.3513381 | BB43: 1.1756691 | BC43: 0.82433094 | BD43: 0.64866187 | BE43: 0.69221075 | BF43: 3.6088977
A44: =A43+5 -> 90 | B44: =(0.5*$B$8*A44^2*$B$5)/$B$7 -> 3.8255153 | Q44: =Q43+5 -> 135 | R44: =1+(Q$1*Q44) -> 1.9369257 | S44: =1+(Q$2*Q44) -> 1.7810509 | T44: =1+(Q$3*Q44) -> 1.2901578 | U44: =1+(Q$4*Q44) -> 0.063074276 | V44: =1+(Q$5*Q44) -> 0.21894912 | W44: =1+(Q$6*Q44) -> 0.70984216 | X44: =(Q44/B$21)^2 -> 8.6074094 | AV44: 60 | AW44: -0.76875927 | AY44: 135 | AZ44: 1.3196273 | BA44: 1.3648511 | BB44: 1.1824256 | BC44: 0.81757444 | BD44: 0.63514887 | BE44: 0.6803727 | BF44: 3.8918438
A45: =A44+5 -> 95 | B45: =(0.5*$B$8*A45^2*$B$5)/$B$7 -> 4.2623797 | Q45: =Q44+5 -> 140 | R45: =1+(Q$1*Q45) -> 1.9716267 | S45: =1+(Q$2*Q45) -> 1.8099787 | T45: =1+(Q$3*Q45) -> 1.3009044 | U45: =1+(Q$4*Q45) -> 0.028373323 | V45: =1+(Q$5*Q45) -> 0.19002131 | W45: =1+(Q$6*Q45) -> 0.69909557 | X45: =(Q45/B$21)^2 -> 9.2568024 | AV45: 55 | AW45: -0.64597133 | AY45: 140 | AZ45: 1.3314653 | BA45: 1.3783641 | BB45: 1.1891821 | BC45: 0.81081793 | BD45: 0.62163586 | BE45: 0.66853465 | BF45: 4.1854671
A46: =A45+5 -> 100 | B46: =(0.5*$B$8*A46^2*$B$5)/$B$7 -> 4.7228584 | Q46: =Q45+5 -> 145 | R46: =1+(Q$1*Q46) -> 2.0063276 | S46: =1+(Q$2*Q46) -> 1.8389065 | T46: =1+(Q$3*Q46) -> 1.311651 | U46: =1+(Q$4*Q46) -> -0.0063276299 | V46: =1+(Q$5*Q46) -> 0.1610935 | W46: =1+(Q$6*Q46) -> 0.68834899 | X46: =(Q46/B$21)^2 -> 9.9298097 | AV46: 50 | AW46: -0.5338606 | AY46: 145 | AZ46: 1.3433034 | BA46: 1.3918771 | BB46: 1.1959386 | BC46: 0.80406143 | BD46: 0.60812286 | BE46: 0.65669661 | BF46: 4.4897677
A47: =A46+5 -> 105 | B47: =(0.5*$B$8*A47^2*$B$5)/$B$7 -> 5.2069513 | Q47: =Q46+5 -> 150 | R47: =1+(Q$1*Q47) -> 2.0410286 | S47: =1+(Q$2*Q47) -> 1.8678343 | T47: =1+(Q$3*Q47) -> 1.3223976 | U47: =1+(Q$4*Q47) -> -0.041028583 | V47: =1+(Q$5*Q47) -> 0.13216569 | W47: =1+(Q$6*Q47) -> 0.6776024 | X47: =(Q47/B$21)^2 -> 10.626431 | AV47: 45 | AW47: -0.43242709 | AY47: 150 | AZ47: 1.3551414 | BA47: 1.4053901 | BB47: 1.2026951 | BC47: 0.79730493 | BD47: 0.59460985 | BE47: 0.64485856 | BF47: 4.8047454
A48: =B22 -> 72.755787 | B48: =(0.5*$B$8*A48^2*$B$5)/$B$7 -> 2.5 | Q48: =Q47+5 -> 155 | R48: =1+(Q$1*Q48) -> 2.0757295 | S48: =1+(Q$2*Q48) -> 1.8967621 | T48: =1+(Q$3*Q48) -> 1.3331442 | U48: =1+(Q$4*Q48) -> -0.075729535 | V48: =1+(Q$5*Q48) -> 0.10323788 | W48: =1+(Q$6*Q48) -> 0.66685581 | X48: =(Q48/B$21)^2 -> 11.346667 | AV48: 40 | AW48: -0.34167079 | AY48: 155 | AZ48: 1.3669795 | BA48: 1.4189032 | BB48: 1.2094516 | BC48: 0.79054842 | BD48: 0.58109685 | BE48: 0.63302051 | BF48: 5.1304004
A49: =B22 -> 72.755787 | B49: =B3 -> 2.5 | Q49: =Q48+5 -> 160 | R49: =1+(Q$1*Q49) -> 2.1104305 | S49: =1+(Q$2*Q49) -> 1.9256899 | T49: =1+(Q$3*Q49) -> 1.3438908 | U49: =1+(Q$4*Q49) -> -0.11043049 | V49: =1+(Q$5*Q49) -> 0.074310065 | W49: =1+(Q$6*Q49) -> 0.65610923 | X49: =(Q49/B$21)^2 -> 12.090517 | AV49: 35 | AW49: -0.2615917 | AY49: 160 | AZ49: 1.3788175 | BA49: 1.4324162 | BB49: 1.2162081 | BC49: 0.78379192 | BD49: 0.56758385 | BE49: 0.62118246 | BF49: 5.4667326
A50: =B20 -> 137.02096 | B50: =B3 -> 2.5 | Q50: =Q49+5 -> 165 | R50: =1+(Q$1*Q50) -> 2.1451314 | S50: =1+(Q$2*Q50) -> 1.9546177 | T50: =1+(Q$3*Q50) -> 1.3546374 | U50: =1+(Q$4*Q50) -> -0.14513144 | V50: =1+(Q$5*Q50) -> 0.045382254 | W50: =1+(Q$6*Q50) -> 0.64536264 | X50: =(Q50/B$21)^2 -> 12.857982 | AV50: 30 | AW50: -0.19218982 | AY50: 165 | AZ50: 1.3906556 | BA50: 1.4459292 | BB50: 1.2229646 | BC50: 0.77703542 | BD50: 0.55407084 | BE50: 0.60934442 | BF50: 5.813742
A51: =B20 -> 137.02096 | B51: 0 | Q51: =Q50+5 -> 170 | R51: =1+(Q$1*Q51) -> 2.1798324 | S51: =1+(Q$2*Q51) -> 1.9835456 | T51: =1+(Q$3*Q51) -> 1.3653839 | U51: =1+(Q$4*Q51) -> -0.17983239 | V51: =1+(Q$5*Q51) -> 0.016454444 | W51: =1+(Q$6*Q51) -> 0.63461605 | X51: =(Q51/B$21)^2 -> 13.649061 | AV51: 25 | AW51: -0.13346515 | AY51: 170 | AZ51: 1.4024936 | BA51: 1.4594422 | BB51: 1.2297211 | BC51: 0.77027892 | BD51: 0.54055783 | BE51: 0.59750637 | BF51: 6.1714286
A52: =B19 -> 128.94024 | B52: =B4 -> -1 | Q52: =Q51+5 -> 175 | R52: =1+(Q$1*Q52) -> 2.2145333 | S52: =1+(Q$2*Q52) -> 2.0124734 | T52: =1+(Q$3*Q52) -> 1.3761305 | U52: =1+(Q$4*Q52) -> -0.21453335 | V52: =1+(Q$5*Q52) -> -0.012473367 | W52: =1+(Q$6*Q52) -> 0.62386946 | X52: =(Q52/B$21)^2 -> 14.463754 | AV52: 20 | AW52: -0.085417696 | AY52: 175 | AZ52: 1.4143317 | BA52: 1.4729552 | BB52: 1.2364776 | BC52: 0.76352241 | BD52: 0.52704483 | BE52: 0.58566832 | BF52: 6.5397924
A53: =B21 -> 46.0148 | B53: =B4 -> -1 | Q53: =Q52+5 -> 180 | R53: =1+(Q$1*Q53) -> 2.2492343 | S53: =1+(Q$2*Q53) -> 2.0414012 | T53: =1+(Q$3*Q53) -> 1.3868771 | U53: =1+(Q$4*Q53) -> -0.2492343 | V53: =1+(Q$5*Q53) -> -0.041401177 | W53: =1+(Q$6*Q53) -> 0.61312288 | X53: =(Q53/B$21)^2 -> 15.302061 | AV53: 15 | AW53: -0.048047454 | AY53: 180 | AZ53: 1.4261697 | BA53: 1.4864682 | BB53: 1.2432341 | BC53: 0.75676591 | BD53: 0.51353183 | BE53: 0.57383027 | BF53: 6.9188334
A54: 65 | B54: =-(0.5*$B$8*A54^2*$B$5)/$B$7 -> -1.9954077 | Q54: =B20 -> 137.02096 | R54: =1+(Q$1*Q54) -> 1.9509516 | S54: =1+(Q$2*Q54) -> 1.7927433 | T54: =1+(Q$3*Q54) -> 1.2945015 | U54: =1+(Q$4*Q54) -> 0.049048432 | V54: =1+(Q$5*Q54) -> 0.20725673 | W54: =1+(Q$6*Q54) -> 0.70549848 | X54: =(Q54/B$21)^2 -> 8.8670453 | AV54: 10 | AW54: -0.021354424 | AY54: 181.25219 | AZ54: 1.4291344 | BA54: 1.4898524 | BB54: 1.2449262 | BC54: 0.75507382 | BD54: 0.51014764 | BE54: 0.57086556 | BF54: 7.0154319
A55: =A54-5 -> 60 | B55: =-(0.5*$B$8*A55^2*$B$5)/$B$7 -> -1.700229 | Q55: =185 -> 185 | R55: =1+(Q$1*Q55) -> 2.2839353 | S55: =1+(Q$2*Q55) -> 2.070329 | T55: =1+(Q$3*Q55) -> 1.3976237 | U55: =1+(Q$4*Q55) -> -0.28393525 | V55: =1+(Q$5*Q55) -> -0.070328987 | W55: =1+(Q$6*Q55) -> 0.60237629 | X55: =(Q55/B$21)^2 -> 16.163983 | AV55: 5 | AW55: -0.005338606 | AY55: 185 | AZ55: 1.4380078 | BA55: 1.4999812 | BB55: 1.2499906 | BC55: 0.75000941 | BD55: 0.50001882 | BE55: 0.56199222 | BF55: 7.3085517
A56: =A55-5 -> 55 | B56: =-(0.5*$B$8*A56^2*$B$5)/$B$7 -> -1.4286647 | Q56: =Q55+5 -> 190 | R56: =1+(Q$1*Q56) -> 2.3186362 | S56: =1+(Q$2*Q56) -> 2.0992568 | T56: =1+(Q$3*Q56) -> 1.4083703 | U56: =1+(Q$4*Q56) -> -0.3186362 | V56: =1+(Q$5*Q56) -> -0.099256798 | W56: =1+(Q$6*Q56) -> 0.5916297 | X56: =(Q56/B$21)^2 -> 17.049519 | AV56: 0 | AW56: 0 | AY56: 190 | AZ56: 1.4498458 | BA56: 1.5134942 | BB56: 1.2567471 | BC56: 0.74325291 | BD56: 0.48650582 | BE56: 0.55015417 | BF56: 7.7089471
A57: =A56-5 -> 50 | B57: =-(0.5*$B$8*A57^2*$B$5)/$B$7 -> -1.1807146 | Q57: =Q56+5 -> 195 | R57: =1+(Q$1*Q57) -> 2.3533372 | S57: =1+(Q$2*Q57) -> 2.1281846 | T57: =1+(Q$3*Q57) -> 1.4191169 | U57: =1+(Q$4*Q57) -> -0.35333716 | V57: =1+(Q$5*Q57) -> -0.12818461 | W57: =1+(Q$6*Q57) -> 0.58088312 | X57: =(Q57/B$21)^2 -> 17.958669 | AV57: 74.199281 | AW57: 1.1756749 | AY57: 74.199281 | AZ57: 1.1756749 | BA57: 1.200531 | BB57: 1.1002655 | BC57: 0.89973448 | BD57: 0.79946895 | BE57: 0.82432507 | BF57: 1.1756749
A58: =A57-5 -> 45 | B58: =-(0.5*$B$8*A58^2*$B$5)/$B$7 -> -0.95637882 | Q58: =Q57+5 -> 200 | R58: =1+(Q$1*Q58) -> 2.3880381 | S58: =1+(Q$2*Q58) -> 2.1571124 | T58: =1+(Q$3*Q58) -> 1.4298635 | U58: =1+(Q$4*Q58) -> -0.38803811 | V58: =1+(Q$5*Q58) -> -0.15711242 | W58: =1+(Q$6*Q58) -> 0.57013653 | X58: =(Q58/B$21)^2 -> 18.891433 | AV58: 145 | AW58: 4.4898764 | AY58: 145 | AZ58: 1.3433076 | BA58: 1.3918819 | BB58: 1.1959409 | BC58: 0.80405906 | BD58: 0.60811811 | BE58: 0.65669245 | BF58: 4.4898764
A59: =A58-5 -> 40 | B59: =-(0.5*$B$8*A59^2*$B$5)/$B$7 -> -0.75565734
A60: =A59-5 -> 35 | B60: =-(0.5*$B$8*A60^2*$B$5)/$B$7 -> -0.57855015 | AV60: 0 | AW60: 0
A61: =A60-5 -> 30 | B61: =-(0.5*$B$8*A61^2*$B$5)/$B$7 -> -0.42505725 | AU61: V_S | AV61: 68.43 | AW61: 1 | AX61: 0.7040488 | AY61: ,n6
A62: =A61-5 -> 25 | B62: =-(0.5*$B$8*A62^2*$B$5)/$B$7 -> -0.29517865 | AU62: V_B | AV62: 74.199281 | AW62: 1.1756749 | AX62: 0.82432507 | AY62: n1,n6
A63: =A62-5 -> 20 | B63: =-(0.5*$B$8*A63^2*$B$5)/$B$7 -> -0.18891433 | AU63: V_C | AV63: 145 | AW63: 1.3918819 | AX63: 0.60811811 | AY63: n2,n5
A64: =A63-5 -> 15 | B64: =-(0.5*$B$8*A64^2*$B$5)/$B$7 -> -0.10626431 | AU64: V_D | AV64: 181.25 | AW64: 1.1486431 | AX64: 0.85135695 | AY64: n3,n4
A65: =A64-5 -> 10 | B65: =-(0.5*$B$8*A65^2*$B$5)/$B$7 -> -0.047228584
A66: =A65-5 -> 5 | B66: =-(0.5*$B$8*A66^2*$B$5)/$B$7 -> -0.011807146
A67: =A66-5 -> 0 | B67: =-(0.5*$B$8*A67^2*$B$5)/$B$7 -> 0

Sheet Propulsion
A1: Constants | H1: Calculations
A2: Variable | B2: Value | C2: Unit | D2: Value | E2: SI units | H2: Variable | I2: Value | J2: Unit | K2: Value | L2: SI units
A3: Mach | B3: ='TW and WS'!C15 -> 0.8 | C3: - | D3: =B3 -> 0.8 | E3: - | H3: Tcfan | I3: =B11*B12 -> 12435.818 | J3: N
A4: Cruise altitude | B4: ='TW and WS'!C16 -> 36000 | C4: ft | D4: ='TW and WS'!E16 -> 10972.8 | E4: m | H4: Pcfan | I4: =I3*B31 -> 2936768.1 | J4: W
A5: Cruise density | B5: ='TW and WS'!E29 -> 0.36519299 | C5: kg/m3 | D5: =B5 -> 0.36519299 | E5: kg/m3 | H5: Ptotreq | I5: =I4/0.9+D23 -> 3763075.7 | J5: W
A6: Sea level density | B6: ='TW and WS'!B32 -> 1.225 | C6: kg/m3 | D6: =B6 -> 1.225 | E6: kg/m3
A7: gamma | B7: 1.4 | C7: - | D7: =B7 -> 1.4 | E7: -
A8: R | B8: ='TW and WS'!B31 -> 287.058 | D8: =B8 -> 287.058 | H8: Pfanreq | I8: =I4/D14 -> 3337236.5 | J8: W
A9: Temperature alt | B9: ='TW and WS'!E27 -> 216.8268 | C9: K | D9: =B9 -> 216.8268 | E9: K | H9: Generator | I9: =I8/D24 -> 256.7105 | J9: kg
H10: Motor | I10: =I8/D25 -> 256.7105 | J10: kg
A11: Tc_alt | B11: =0.5*Propulsion!B5*Propulsion!B31^2*'Class 1 Weight est.'!E54*'Wing Design'!E8 -> 54068.772 | C11: N | D11: =B11 -> 54068.772 | E11: N | H11: Inverter | I11: =I8/D27 -> 556.20608 | J11: kg
A12: fan share | B12: 0.23 | C12: - | D12: =B12 -> 0.23 | E12: - | H12: Cables | I12: 217 | J12: kg
A13: Tcturbo | B13: =D11*(1-D12) -> 41632.955 | C13: N | D13: =B13 -> 41632.955 | E13: N | H13: Protectors | I13: 108 | J13: kg
A14: fan efficiency | B14: 0.88 | D14: =B14 -> 0.88
A15: Gas turbine efficiency | B15: 0.55 | D15: =B15 -> 0.55
H16: TMS | I16: 412 | J16: kg
A17: hp/lb->W/kg | B17: 1 | C17: hp/lb | D17: 1643.99 | E17: W/kg
A18: lb/lbf/h -> kg/N/s | B18: 1 | C18: lb/lbf/h | D18: =(0.453592)/(4.44822*3600) -> 2.8325438e-05 | E18: kg/N/s
H19: Total mass system | I19: =SUM(I9:I16) -> 1806.6271 | J19: kg
H20: Total mass fan | I20: 1329 | J20: kg
A21: Electric system specifications
A22: Variable | B22: Value | C22: Unit | D22: Value | E22: SI units | H22: Total electric propulsion | I22: =SUM(I19:I20) -> 3135.6271 | J22: kg
A23: Additional power | B23: 500 | C23: kW | D23: =B23*1000 -> 500000 | E23: W
A24: Generator | B24: 13 | C24: kW/kg | D24: =B24*1000 -> 13000 | E24: W/kg | F24: 8 hp/lb
A25: Motor | B25: 13 | C25: kW/kg | D25: =B25*1000 -> 13000 | E25: W/kg | F25: 10 hp/lb
A26: TMS | B26: 0.68 | C26: kW/kg | D26: =B26*1000 -> 680 | E26: W/kg | H26: Variable | I26: Value | J26: Unit | K26: Value | L26: SI units
A27: Inverter | B27: 6 | C27: kW/kg | D27: =B27*1000 -> 6000 | E27: W/kg | F27: 8 hp/lb | H27: SFC (PW 1127G A320neo) | I27: =13.1*10^-6 -> 1.31e-05 | J27: kg/N/s
A29: Calculated constants | H29: Power fan generated turbofan | I29: =I8/D15 -> 6067702.7 | J29: W
A30: Variable | B30: Value | C30: Unit | D30: Value | E30: SI units | H30: Energy density kerosene | I30: =42.8*10^6 -> 42800000 | J30: W/kg
A31: Cruise velocity alt | B31: =B3*SQRT(B7*B8*B9) -> 236.154 | C31: m/s | D31: =B31 -> 236.154 | E31: m/s | H31: Fuel flow for fan | I31: =I29/I30 -> 0.14176875 | J31: kg/s
A33: Legend | H33: Fuel flow turbofan thrust | I33: =D13*I27 -> 0.5453917 | J33: kg/s
A34: Calculated
A35: Manual | H35: Total fuel flow with fan | I35: =I33+I31 -> 0.68716046 | J35: kg/s
H36: Fuel flow without fan | I36: =D11*I27 -> 0.70830092 | J36: kg/s
H37: Fuel flow reduction | I37: =I35/I36-1 -> -0.029846715
H39: SFC (V2525-D5) | I39: =0.574*D18 -> 1.6258801e-05 | J39: kg/N/s | N39: SFC (V2525-D5) | O39: =0.574*D18 -> 1.6258801e-05 | P39: kg/N/s
H40: Fuel flow for A320ceo (paper) | I40: =2*19800*I39 -> 0.64384853 | J40: kg/s | N40: Fuel flow for A320ceo | O40: =2*((73500-(60500/2))*9.80665/16.8)*O39 -> 0.8209487 | P40: kg/s
H41: Fuel flow comparison A320ceo | I41: =I35/I40-1 -> 0.067270379 | N41: Fuel flow comparison A320ceo | O41: =I35/O40-1 -> -0.16296785
H43: SFC (PW 1127G) | I43: =13.1*10^-6 -> 1.31e-05 | J43: kg/N/s | N43: SFC (PW 1127G) | O43: =13.1*10^-6 -> 1.31e-05 | P43: kg/N/s
H44: Fuel flow for 320neo (paper) | I44: =2*21500*I43 -> 0.5633 | J44: kg/s | N44: Fuel flow for 320neo | O44: =2*((73500-(62800/2))*9.80665/16.8)*O43 -> 0.64386495 | P44: kg/s
H45: Fuel flow comparison A320neo | I45: =I35/I44-1 -> 0.21988365 | N45: Fuel flow comparison A320neo | O45: =I35/O44-1 -> 0.067243161
H47: A320neo vs A320ceo | I47: =I44/I40-1 -> -0.12510478
A53: fan share | B53: Tcfan [N] | C53: Pcfan [W] | D53: Pfangen [W] | E53: weight system [kg] | F53: Fuel flow fan [kg/s] | G53: Fuel flow turbofan | H53: tot fuel flow | I53: percentage better
A54: 0.01 | B54: =A54*$D$11 -> 540.68772 | C54: =B54*$B$31 -> 127685.57 | D54: =C54/$D$14 -> 145097.24 | E54: =D54/$D$24+D54/$D$25+D54/$D$27+$I$12+$I$13+$I$16+$I$20 -> 2112.5055 | F54: =D54/$D$15/$I$30 -> 0.0061638589 | G54: =$D$11*(1-A54)*$I$27 -> 0.70121791 | H54: =F54+G54 -> 0.70738177 | I54: =H54/$I$40-1 -> 0.098677308
A55: =A54+0.01 -> 0.02 | B55: =A55*$D$11 -> 1081.3754 | C55: =B55*$B$31 -> 255371.14 | D55: =C55/$D$14 -> 290194.48 | E55: =D55/$D$24+D55/$D$25+D55/$D$27+$I$12+$I$13+$I$16+$I$20 -> 2159.0111 | F55: =D55/$D$15/$I$30 -> 0.012327718 | G55: =$D$11*(1-A55)*$I$27 -> 0.6941349 | H55: =F55+G55 -> 0.70646261 | I55: =H55/$I$40-1 -> 0.097249721
A56: =A55+0.01 -> 0.03 | B56: =A56*$D$11 -> 1622.0632 | C56: =B56*$B$31 -> 383056.71 | D56: =C56/$D$14 -> 435291.72 | E56: =D56/$D$24+D56/$D$25+D56/$D$27+$I$12+$I$13+$I$16+$I$20 -> 2205.5166 | F56: =D56/$D$15/$I$30 -> 0.018491577 | G56: =$D$11*(1-A56)*$I$27 -> 0.68705189 | H56: =F56+G56 -> 0.70554346 | I56: =H56/$I$40-1 -> 0.095822133
A57: =A56+0.01 -> 0.04 | B57: =A57*$D$11 -> 2162.7509 | C57: =B57*$B$31 -> 510742.28 | D57: =C57/$D$14 -> 580388.95 | E57: =D57/$D$24+D57/$D$25+D57/$D$27+$I$12+$I$13+$I$16+$I$20 -> 2252.0221 | F57: =D57/$D$15/$I$30 -> 0.024655436 | G57: =$D$11*(1-A57)*$I$27 -> 0.67996888 | H57: =F57+G57 -> 0.70462431 | I57: =H57/$I$40-1 -> 0.094394545
A58: =A57+0.01 -> 0.05 | B58: =A58*$D$11 -> 2703.4386 | C58: =B58*$B$31 -> 638427.85 | D58: =C58/$D$14 -> 725486.19 | E58: =D58/$D$24+D58/$D$25+D58/$D$27+$I$12+$I$13+$I$16+$I$20 -> 2298.5276 | F58: =D58/$D$15/$I$30 -> 0.030819295 | G58: =$D$11*(1-A58)*$I$27 -> 0.67288587 | H58: =F58+G58 -> 0.70370516 | I58: =H58/$I$40-1 -> 0.092966958
A59: =A58+0.01 -> 0.06 | B59: =A59*$D$11 -> 3244.1263 | C59: =B59*$B$31 -> 766113.42 | D59: =C59/$D$14 -> 870583.43 | E59: =D59/$D$24+D59/$D$25+D59/$D$27+$I$12+$I$13+$I$16+$I$20 -> 2345.0332 | F59: =D59/$D$15/$I$30 -> 0.036983153 | G59: =$D$11*(1-A59)*$I$27 -> 0.66580286 | H59: =F59+G59 -> 0.70278601 | I59: =H59/$I$40-1 -> 0.09153937
A60: =A59+0.01 -> 0.07 | B60: =A60*$D$11 -> 3784.8141 | C60: =B60*$B$31 -> 893798.99 | D60: =C60/$D$14 -> 1015680.7 | E60: =D60/$D$24+D60/$D$25+D60/$D$27+$I$12+$I$13+$I$16+$I$20 -> 2391.5387 | F60: =D60/$D$15/$I$30 -> 0.043147012 | G60: =$D$11*(1-A60)*$I$27 -> 0.65871985 | H60: =F60+G60 -> 0.70186686 | I60: =H60/$I$40-1 -> 0.090111782
A61: =A60+0.01 -> 0.08 | B61: =A61*$D$11 -> 4325.5018 | C61: =B61*$B$31 -> 1021484.6 | D61: =C61/$D$14 -> 1160777.9 | E61: =D61/$D$24+D61/$D$25+D61/$D$27+$I$12+$I$13+$I$16+$I$20 -> 2438.0442 | F61: =D61/$D$15/$I$30 -> 0.049310871 | G61: =$D$11*(1-A61)*$I$27 -> 0.65163684 | H61: =F61+G61 -> 0.70094771 | I61: =H61/$I$40-1 -> 0.088684194
A62: =A61+0.01 -> 0.09 | B62: =A62*$D$11 -> 4866.1895 | C62: =B62*$B$31 -> 1149170.1 | D62: =C62/$D$14 -> 1305875.1 | E62: =D62/$D$24+D62/$D$25+D62/$D$27+$I$12+$I$13+$I$16+$I$20 -> 2484.5497 | F62: =D62/$D$15/$I$30 -> 0.05547473 | G62: =$D$11*(1-A62)*$I$27 -> 0.64455383 | H62: =F62+G62 -> 0.70002856 | I62: =H62/$I$40-1 -> 0.087256607
A63: =A62+0.01 -> 0.1 | B63: =A63*$D$11 -> 5406.8772 | C63: =B63*$B$31 -> 1276855.7 | D63: =C63/$D$14 -> 1450972.4 | E63: =D63/$D$24+D63/$D$25+D63/$D$27+$I$12+$I$13+$I$16+$I$20 -> 2531.0553 | F63: =D63/$D$15/$I$30 -> 0.061638589 | G63: =$D$11*(1-A63)*$I$27 -> 0.63747082 | H63: =F63+G63 -> 0.69910941 | I63: =H63/$I$40-1 -> 0.085829019
A64: =A63+0.01 -> 0.11 | B64: =A64*$D$11 -> 5947.5649 | C64: =B64*$B$31 -> 1404541.3 | D64: =C64/$D$14 -> 1596069.6 | E64: =D64/$D$24+D64/$D$25+D64/$D$27+$I$12+$I$13+$I$16+$I$20 -> 2577.5608 | F64: =D64/$D$15/$I$30 -> 0.067802448 | G64: =$D$11*(1-A64)*$I$27 -> 0.63038781 | H64: =F64+G64 -> 0.69819026 | I64: =H64/$I$40-1 -> 0.084401431
A65: =A64+0.01 -> 0.12 | B65: =A65*$D$11 -> 6488.2527 | C65: =B65*$B$31 -> 1532226.8 | D65: =C65/$D$14 -> 1741166.9 | E65: =D65/$D$24+D65/$D$25+D65/$D$27+$I$12+$I$13+$I$16+$I$20 -> 2624.0663 | F65: =D65/$D$15/$I$30 -> 0.073966307 | G65: =$D$11*(1-A65)*$I$27 -> 0.62330481 | H65: =F65+G65 -> 0.69727111 | I65: =H65/$I$40-1 -> 0.082973844
A66: =A65+0.01 -> 0.13 | B66: =A66*$D$11 -> 7028.9404 | C66: =B66*$B$31 -> 1659912.4 | D66: =C66/$D$14 -> 1886264.1 | E66: =D66/$D$24+D66/$D$25+D66/$D$27+$I$12+$I$13+$I$16+$I$20 -> 2670.5718 | F66: =D66/$D$15/$I$30 -> 0.080130166 | G66: =$D$11*(1-A66)*$I$27 -> 0.6162218 | H66: =F66+G66 -> 0.69635196 | I66: =H66/$I$40-1 -> 0.081546256
... A153: =A152+0.01 -> 1 | B153: =A153*$D$11 -> 54068.772 | C153: =B153*$B$31 -> 12768557 | D153: =C153/$D$14 -> 14509724 | E153: =D153/$D$24+D153/$D$25+D153/$D$27+$I$12+$I$13+$I$16+$I$20 -> 6716.5525 | F153: =D153/$D$15/$I$30 -> 0.61638589 | G153: =$D$11*(1-A153)*$I$27 -> -4.7182319e-16 | H153: =F153+G153 -> 0.61638589 | I153: =H153/$I$40-1 -> -0.042653875

Sheet Class I CG
K1: CG Estimates | S1: CG Excursion
A2: Mass Fractions | D2: CG Positions | G2: Weights | L2: Fuselage group | O2: Wing group | S2: Individual items | W2: Combinations
A3: Item | B3: Mi | D3: Position | E3: w.r.t. | G3: Parameter | H3: Value | I3: Unit | K3: Item | L3: Mi | M3: xcgi [m] | N3: MiXcgi | O3: Mi | P3: Xcgi [m] | Q3: MiXcgi | S3: Item | T3: Mi | U3: Xcgi [m] | V3: MiXcgi | W3: Item | X3: Mi | Y3: Xcg [m] | Z3: MiXcg | AA3: Xcg/MAC
A4: Wing | B4: 0.092 | D4: 0.4 | E4: =G12 -> MAC | G4: WOE | H4: ='Class 1 Weight est.'!R49 -> 63985.612 | I4: kg | K4: Wing | L4: =B4 -> 0.092 | M4: =D4*H$12 -> 2.7411722 | N4: =M4*L4 -> 0.25218784 | S4: WOE | T4: =B13 -> 0.95838494 | U4: =Q17 -> 26.463419 | V4: =U4*T4 -> 25.362142 | W4: WOE+P | X4: =T4+T5 -> 1.1942905 | Y4: =Z4/X4 -> 24.617292 | Z4: =V4+V5 -> 29.400199 | AA4: =(Y4-Q$15)/H$12 -> -0.069392265
A5: Fuselage | B5: 0.105 | D5: 0.5 | E5: lfuselage | G5: WP | H5: ='Class 1 Weight est.'!R47 -> 15750 | I5: kg | K5: Fuselage | O5: =B5 -> 0.105 | P5: =D5*H$11 -> 19.019176 | Q5: =P5*O5 -> 1.9970135 | S5: WP | T5: =B14 -> 0.23590558 | U5: =D14*H11 -> 17.117258 | V5: =U5*T5 -> 4.0380568 | W5: WOE+F | X5: =T4+T6 -> 0.97717833 | Y5: =Z5/X5 -> 26.502958 | Z5: =V4+V6 -> 25.898116 | AA5: =(Y5-Q$15)/H$12 -> 0.20576969
A6: Engine | B6: 0.071 | D6: -0.25 | E6: =G12 -> MAC | G6: WF | H6: ='Class 1 Weight est.'!R50 -> 1254.7218 | I6: kg | K6: Engine | L6: =B6 -> 0.071 | M6: =D6*H$12 -> -1.7132326 | N6: =M6*L6 -> -0.12163952 | S6: WF | T6: =B15 -> 0.018793389 | U6: =Q15+D15*H12 -> 28.519298 | V6: =U6*T6 -> 0.53597425 | W6: WOE+P+F | X6: =T4+T5+T6 -> 1.2130839 | Y6: =Z6/X6 -> 24.677743 | Z6: =V4+V5+V6 -> 29.936173 | AA6: =(Y6-Q$15)/H$12 -> -0.060571103
A7: Nacelle (W) | B7: 0.012 | D7: =D6 -> -0.25 | E7: =G12 -> MAC | G7: WMTO | H7: 66764 | I7: kg | K7: Nacelle (W) | L7: =B7 -> 0.012 | M7: =D7*H$12 -> -1.7132326 | N7: =M7*L7 -> -0.020558791 | W7: WOE | X7: =B13 -> 0.95838494 | Y7: =Q17 -> 26.463419 | Z7: =Y7*X7 -> 25.362142 | AA7: =(Y7-Q$15)/H$12 -> 0.2
A8: Electric fan | B8: =B6/2 -> 0.0355 | D8: 0.95 | E8: lfuselage | K8: Electric fan | O8: =B8 -> 0.0355 | P8: =D8*H$11 -> 36.136435 | Q8: =P8*O8 -> 1.2828434
A9: Nacelle (F) | B9: 0.012 | D9: =D8 -> 0.95 | E9: lfuselage | G9: Geometry | K9: Nacelle (F) | O9: =B9 -> 0.012 | P9: =D9*H$11 -> 36.136435 | Q9: =P9*O9 -> 0.43363721 | T9: text text text text text text text text text text text text text text text text text text text text text text text text text text text text text text text text text text text text text text text text text text text text text text text text text text text text text text text text text text text text text text text text text text text text text text text text text text text text text text text text text text text text text text text text text text text text text text text text text text text text text text text text text text text text text text text text text text text text text text text text text text text text text text text text text text text text text text text text text text text text text text text text text text text text text text text text text text text text text text text text text text text text text text text text text text text text text text text text text text text text text text text text text text text text text text text text text text text text text text text text text text text text text text text text text text text text text text text text text text text text text text text text text text text text
A10: Empennage | B10: 0.024 | D10: 0.8 | E10: lfuselage | G10: Parameter | H10: Value | I10: Unit | K10: Empennage | O10: =B10 -> 0.024 | P10: =D10*H$11 -> 30.430682 | Q10: =P10*O10 -> 0.73033636
A11: Fixed equipment | B11: 0.129 | D11: 0.5 | E11: lfuselage | G11: lfuselage | H11: =Fuselage!I8 -> 38.038352 | I11: m | K11: Fixed equipment | O11: =B11 -> 0.129 | P11: =D11*H$11 -> 19.019176 | Q11: =P11*O11 -> 2.4534737
A12: Undercarriage | B12: 0.038 | D12: N/A | E12: N/A | G12: MAC | H12: ='Wing Design'!M3 -> 6.8529304 | I12: m | K12: Total | L12: =SUM(L4:L11) -> 0.175 | N12: =SUM(N4:N11) -> 0.10998953 | O12: =SUM(O4:O11) -> 0.3055 | Q12: =SUM(Q4:Q11) -> 6.8973042
A13: WOE | B13: =H4/H7 -> 0.95838494 | D13: 0.2 | E13: =G12 -> MAC | M13: xCGW | N13: =N12/L12 -> 0.62851162 | O13: [m] | P13: XCGF | Q13: =Q12/O12 -> 22.577101 | R13: [m]
A14: WP | B14: =H5/H7 -> 0.23590558 | D14: 0.45 | E14: lfuselage | M14: xCGW/MAC | N14: =N13/H12 -> 0.091714286 | P14: XCGF/lfuselage | Q14: =Q13/H$11 -> 0.59353519
A15: WF | B15: =H6/H7 -> 0.018793389 | D15: 0.5 | E15: MAC | P15: XLEMAC | Q15: =Q13+H12*(N14*L12/O12+D13*(1+L12/O12)) -> 25.092833 | R15: [m]
P16: XLEMAC/lfuselage | Q16: =Q15/H$11 -> 0.65967191
P17: XOEW | Q17: =Q15+D13*H12 -> 26.463419 | R17: [m]
P18: XOEW/lfuselage | Q18: =Q17/H$11 -> 0.6957036

Sheet Undercarriage
C3: Initial values
C4: Name | D4: Sign | E4: Value | F4: Unit | G4: Note
C5: Number of wheels MLG | D5: Nmw | E5: =ROUND('Class 1 Weight est.'!M17/120000/4,0)*4 -> 8 | F5: - | G5: -
C6: Number of wheels NLG | D6: Nnw | E6: 2 | F6: - | G6: -
C7: Number of struts | D7: Nstruts | E7: =IF((E5+E6)<=12,2,4) -> 2 | F7: - | G7: -
C8: Load Classification Number | D8: LCN | E8: 50 | F8: - | G8: Guess
C9: Tire pressure | D9: ptire | E9: =(430*LN(E8)-680)*0.0101972 -> 10.219327 | F9: kg / cm2 | G9: -
C10: Static Load MLG | D10: Pmw | E10: =(0.92*'Class 1 Weight est.'!M17/E5)/9.80665 -> 9313.8884 | F10: kg | G10: -
C11: Static Load NLG | D11: Pnw | E11: =(0.08*'Class 1 Weight est.'!M17/E6)/9.80665 -> 3239.6134 | F11: kg | G11: -
C12: Wheel size
C13: Outer diamater NLG | D13: DNLG, tire | E13: =CONVERT(27,"in","m") -> 0.6858 | F13: m | G13: Oversized | H13: 27 | I13: in
C14: Inner diameter NLG | D14: dNLG, tire | E14: =CONVERT(15,"in","m") -> 0.381 | F14: m | H14: 15 | I14: in
C15: Width NLG | D15: wNLG, tire | E15: =CONVERT(6,"in","m") -> 0.1524 | F15: m | H15: 6 | I15: in
C16: Outer diamater MLG | D16: DMLG, tire | E16: =CONVERT(50,"in","m") -> 1.27 | F16: m | G16: - | H16: 50 | I16: in
C17: Inner diameter MLG | D17: dMLG, tire | E17: =CONVERT(22,"in","m") -> 0.5588 | F17: m | G17: - | H17: 22 | I17: in
C18: Width MLG | D18: wMLG, tire | E18: =CONVERT(15.75,"in","m") -> 0.40005 | F18: m | G18: - | H18: 15.75 | I18: in

Sheet Empennage
A1: Vertical | I1: Horizontal
A2: Xv | I2: Xh
A3: Xaftcg | B3: ='Class I CG'!Y5 -> 26.502958 | I3: Xaftcg | J3: ='Class I CG'!Y5 -> 26.502958
A4: Sv | I4: Sh
A5: S | B5: ='Wing Design'!E8 -> 352.99727 | I5: S | J5: ='Wing Design'!E8 -> 352.99727
A6: b | B6: ='Wing Design'!G8 -> 56.777735 | I6: b | J6: ='Wing Design'!G8 -> 56.777735

Sheet HLD
B1: Constants | E1: From initial planform design
B2: Name | C2: Value | D2: Units | E2: Educated guess
B3: S | C3: ='Wing Design'!E8 -> 352.99727 | D3: m2
B4: Hinge line angle TE | D4: rad
B5: Hinge line angle LE | D5: rad
B6: Δ CLmax TE | C6: 0.35 | G6: Typical deflection angles (deg) | H6: Slotted flap | I6: Fowler flap | J6: Double slotted flap | K6: Triple slotted flap
B7: Δ CLmax LE | C7: 0.2 | G7: Take off | H7: 20 | I7: 15 | J7: 20 | K7: 20
G8: Landing | H8: 40 | I8: 40 | J8: 50 | K8: 40 | Q8: This was an example to build the formulae, don’t use this.
B9: Δ CLmax tot | C9: =C6+C7 -> 0.55 | Q9: chosen Δ Clmax flaps | R9: =D39 -> 1.5184
Q10: chosen Δ Clmax LE | R10: =D51 -> 0.3
B12: b (wing span) | C12: ='Wing Design'!G8 -> 56.777735 | D12: m | G12: Δ c / cf | H12: Slotted flap | I12: Fowler flap | J12: Double slotted flap | K12: Triple slotted fowler flap
B13: Fuselage width | C13: =Fuselage!I4 -> 4.3989701 | D13: m | G13: Take off | H13: 0.2 | I13: 0.48 | J13: 0.24 | K13: 0.55 | R13: Margin next to fuselage for LE HLD | S13: 0.5
B14: cf / c | C14: 0.35 | E14: estimation from slides | G14: Landing | H14: 0.3 | I14: 0.6 | J14: 0.4 | K14: 0.75
R15: TE HLD length | S15: =C12/2 - C13 -> 23.989897
B16: c | C16: =C3/C12 -> 6.2171778 | F16: cf | G16: =$C$17 -> 2.1760122 | H16: =$C$17 -> 2.1760122 | I16: =$C$17 -> 2.1760122 | J16: =$C$17 -> 2.1760122 | K16: =$C$17 -> 2.1760122 | R16: LE HLD length | S16: =C12 - C13-S13 -> 51.878765
B17: cf | C17: =C14*C16 -> 2.1760122
F18: c' | G18: Take off | H18: =$G$16*H13+$C$16 -> 6.6523802 | I18: =$G$16*I13+$C$16 -> 7.2616636 | J18: =$G$16*J13+$C$16 -> 6.7394207 | K18: =$G$16*K13+$C$16 -> 7.4139845 | R18: Swf TE HLD | S18: =($C$6*$C$3)/(0.9*R9*COS($C$4)) -> 90.408796
B19: Λ c/4 [rad] | C19: ='Wing Design'!F3 -> 0.56445642 | D19: rad | G19: Landing | H19: =$H$16*H14+$C$16 -> 6.8699814 | I19: =$H$16*I14+$C$16 -> 7.5227851 | J19: =$H$16*J14+$C$16 -> 7.0875827 | K19: =$H$16*K14+$C$16 -> 7.8491869 | R19: Swf LE HLD | S19: =($C$7*$C$3)/(0.9*R10*COS($C$5)) -> 261.47946
B20: λ | C20: ='Wing Design'!G3 -> 0.28710872 | D20: -
B21: Γ [rad] | C21: =RADIANS('Wing Design'!H3) -> 0.034906585 | D21: rad | F21: c'/c | G21: Take off | H21: =H18/$C$16 -> 1.07 | I21: =I18/$C$16 -> 1.168 | J21: =J18/$C$16 -> 1.084 | K21: =K18/$C$16 -> 1.1925 | S21: Δα0L airfoil TE | U21: Δα0L wing
B22: Cr [m] | C22: ='Wing Design'!I3 -> 9.6606879 | D22: m | G22: Landing | H22: =H19/$C$16 -> 1.105 | I22: =I19/$C$16 -> 1.21 | J22: =J19/$C$16 -> 1.14 | K22: =K19/$C$16 -> 1.2625 | R22: Landing | S22: =-15 -> -15 | T22: deg | U22: =S22*$S$18*COS($C$4)/C3 -> -3.8417633
B23: Ct [m] | C23: ='Wing Design'!J3 -> 2.7736677 | D23: m | R23: Take off | S23: -10 | T23: deg | U23: =S23*$S$18*COS($C$4)/$C$3 -> -2.5611755
B24: Λ c/2 [rad] | C24: ='Wing Design'!L3 -> 0.51997309 | D24: rad | F24: delta c | G24: take off | H24: =H18-$C$16 -> 0.43520244 | I24: =I18-$C$16 -> 1.0444859 | J24: =J18-$C$16 -> 0.52224293 | K24: =K18-$C$16 -> 1.1968067
B25: MAC [m] | C25: ='Wing Design'!M3 -> 6.8529304 | D25: m | G25: landing | H25: =H19-$C$16 -> 0.65280367 | I25: =I19-$C$16 -> 1.3056073 | J25: =J19-$C$16 -> 0.87040489 | K25: =K19-$C$16 -> 1.6320092
B26: yMAC [m] | C26: ='Wing Design'!N3 -> 11.573809 | D26: m
B27: CL cruise | D27: -
E31: Swf TE max | F31: =C3*0.8 -> 282.39782 | G31: 80% of the wing surface
E32: Swf LE max if they go up to 0.75 of the wing | F32: 97.75
E33: Swf LE max if they go up to tip of the wing | F33: 122.2
B35: High lift device
B36: TE | G36: possible delta Clmax | O36: Δα0L airfoil TE | Q36: Δα0L wing
B37: Plain and split | D37: 0.9 | E37: Swf TE HLD | F37: =($C$6*$C$3)/(0.9*D37*COS($C$4)) -> 152.52969 | G37: =0.9*D37*$F$31/$C$3*COS($C$4) -> 0.648 | I37: S' | J37: =$C$3+H24*$S$15 -> 363.43773 | K37: S'/S | L37: =J37/$C$3 -> 1.0295766 | N37: Landing | O37: =-15 -> -15 | P37: deg | Q37: =F37*O37*COS($C$4)/$C$3 -> -6.4814815
B38: Slotted | D38: =1.3 -> 1.3 | F38: =($C$6*$C$3)/(0.9*D38*COS($C$4)) -> 105.59747 | G38: =0.9*D38*$F$31/$C$3*COS($C$4) -> 0.936 | J38: =$C$3+H25*$S$15 -> 368.65796 | L38: =J38/$C$3 -> 1.0443649 | N38: Take off | O38: -10 | P38: deg | Q38: =F38*O38*COS($C$4)/$C$3 -> -2.991453
B39: Fowler | C39: Take off | D39: =1.3*I21 -> 1.5184 | F39: =($C$6*$C$3)/(0.9*D39*COS($C$4)) -> 90.408796 | G39: =0.9*D39*$F$31/$C$3*COS($C$4) -> 1.093248 | J39: =$C$3+I24*$S$15 -> 378.05438 | L39: =J39/$C$3 -> 1.0709839 | O39: -15 | P39: deg | Q39: =F39*O39*COS($C$4)/$C$3 -> -3.8417633
C40: Landing | D40: =1.3*I22 -> 1.573 | F40: =($C$6*$C$3)/(0.9*D40*COS($C$4)) -> 87.27064 | G40: =0.9*D40*$F$31/$C$3*COS($C$4) -> 1.13256 | J40: =$C$3+I25*$S$15 -> 384.31866 | L40: =J40/$C$3 -> 1.0887298 | O40: -10 | P40: deg | Q40: =F40*O40*COS($C$4)/$C$3 -> -2.4722752
B41: Double slotted | C41: Take off | D41: =1.6*J21 -> 1.7344 | F41: =($C$6*$C$3)/(0.9*D41*COS($C$4)) -> 79.149398 | G41: =0.9*D41*$F$31/$C$3*COS($C$4) -> 1.248768 | J41: =$C$3+J24*$S$15 -> 365.52583 | L41: =J41/$C$3 -> 1.0354919 | O41: -15 | P41: deg | Q41: =F41*O41*COS($C$4)/$C$3 -> -3.3633149
C42: Landing | D42: =1.6*J22 -> 1.824 | F42: =($C$6*$C$3)/(0.9*D42*COS($C$4)) -> 75.261358 | G42: =0.9*D42*$F$31/$C$3*COS($C$4) -> 1.31328 | J42: =$C$3+J25*$S$15 -> 373.87819 | L42: =J42/$C$3 -> 1.0591532 | O42: -10 | P42: deg | Q42: =F42*O42*COS($C$4)/$C$3 -> -2.1320663
B43: Triple slotted | C43: Take off | D43: =1.9*K21 -> 2.26575 | F43: =($C$6*$C$3)/(0.9*D43*COS($C$4)) -> 60.58776 | G43: =0.9*D43*$F$31/$C$3*COS($C$4) -> 1.63134 | J43: =$C$3+K24*$S$15 -> 381.70854 | L43: =J43/$C$3 -> 1.0813357 | O43: -15 | P43: deg | Q43: =F43*O43*COS($C$4)/$C$3 -> -2.5745706
C44: Landing | D44: =1.9*K22 -> 2.39875 | F44: =($C$6*$C$3)/(0.9*D44*COS($C$4)) -> 57.228438 | G44: =0.9*D44*$F$31/$C$3*COS($C$4) -> 1.7271 | J44: =$C$3+K25*$S$15 -> 392.149 | L44: =J44/$C$3 -> 1.1109123 | O44: -10 | P44: deg | Q44: =F44*O44*COS($C$4)/$C$3 -> -1.6212148
B49: LE
B50: Fixed slot | D50: 0.2 | E50: Swf LE HLD | F50: =($C$7*$C$3)/(0.9*D50*COS($C$5)) -> 392.21919 | G50: =0.9*D50*$F$32/$C$3*COS($C$5) -> 0.049844578 | H50: =0.9*D50*$F$33/$C$3*COS($C$5) -> 0.062312096
B51: Leading edge flap | D51: 0.3 | F51: =($C$7*$C$3)/(0.9*D51*COS($C$5)) -> 261.47946 | G51: =0.9*D51*$F$32/$C$3*COS($C$5) -> 0.074766867 | H51: =0.9*D51*$F$33/$C$3*COS($C$5) -> 0.093468145
B52: Kruger flap | D52: 0.3 | F52: =($C$7*$C$3)/(0.9*D52*COS($C$5)) -> 261.47946 | G52: =0.9*D52*$F$32/$C$3*COS($C$5) -> 0.074766867 | H52: =0.9*D52*$F$33/$C$3*COS($C$5) -> 0.093468145
B53: Slat | C53: 0.4*c'/c | E53: for slats there is no graph?? -> how do I calculate c'/c

Sheet Roll Cruise Control
A1: Constants | I1: Calculations
A2: Name | B2: Value | C2: Unit | E2: Notes | I2: Clδa | J2: =((2*B3*B16)/(B15*B5))*B12*(0.5*(B13^2-B14^2)-((2*(1-B7))/(3*B5))*(B13^3-B14^3)) -> 0
A3: clα (Airfoil lift curve slope) | C3: 1/rad | E3: Guessed | I3: ClP | J3: =-((4*(B4+B3))/(B15*B5^2))*B12*(B5/2)^3*((1/3)-((1-B7)/(4))) -> 0
A4: cd0 | C4: - | E4: Fixed | I4: P | J4: =-(J2/J3)*RADIANS(B11)*((2*B8)/(B5)) -> #DIV/0! | L4: =J4*180/PI() -> #DIV/0!
A5: b (wing span) | B5: ='Wing Design'!G8 -> 56.777735 | C5: m | I5: Preq | J5: =RADIANS(45/1.4) -> 0.56099869
A6: ct | B6: ='Wing Design'!J3 -> 2.7736677 | C6: m | I6: Satisfied ? | J6: =IF(J5<J4,"Yes","No") -> #DIV/0!
A7: λ | B7: =B6/B12 -> 0.28710872 | C7: -
A8: V (cruise speed) | B8: ='TW and WS'!E31 -> 236.154 | C8: m/s
A9: δa up | B9: 26 | C9: deg
A10: δa down | B10: 26 | C10: deg
A11: δa | B11: =0.5*(B9+B10) -> 26 | C11: deg
A12: cr | B12: ='Wing Design'!I3 -> 9.6606879 | C12: m
A13: b2 | B13: =(B5/2)*0.98 -> 27.82109 | C13: m
A14: b1 | B14: 16 | C14: m
A15: Sref | B15: ='Wing Design'!E8 -> 352.99727 | C15: m2
A16: τ | B16: =1.129*(B20)^0.4044-0.1772 -> 0.36235677 | C16: -
A17: Cc | B17: 0.7 | C17: m
A18: Lc | B18: =B12*(1-(((2*B19)/(B5))*(1-B7))) -> 4.3452815 | C18: m
A19: Yc | B19: =B14+((B13-B14)/2) -> 21.910545 | C19: m
A20: Cc / Lc | B20: =B17/B18 -> 0.16109428 | C20: -
